TOA5,IMNAVAIT-SNOWFENCE,CR1000,12067,CR1000.Std.14,CPU:Imnaviatfence.CR1,11127,Imnaviat,,,,,,,,
TIMESTAMP,RECORD,WS_ms,WindDir,WS_ms_WVc(1),WS_ms_WVc(2),WS_ms_S_WVT,T107_C,Snow_depth_3m,SignalQuality_3m,Snow_depth_8m,SignalQuality_8m,Snow_depth_15m,SignalQuality_15m,Batt_Volt,PanelTemp
TS,RN,meters/second,Degrees,meters/second,meters/second,meters/second,Deg C,,,,,,,Volts,deg. C
,,Smp,Smp,WVc,WVc,Max,Smp,Smp,Smp,Smp,Smp,Smp,Smp,Smp,Smp
10/25/2007 13:50,0,1.994,135.7,2.246,136.5,2.886,-11.7,1.167,0,0.301,0,1.006,0,12.06,-7.905
10/25/2007 14:00,1,2.465,127.7,2.368,132.1,2.832,-11.62,1.169,0,1.284,0,1.013,0,12.07,-6.731
10/25/2007 14:10,2,2.734,139.3,2.694,125.3,3.234,-11.83,1.171,0,0.29,0,1.013,0,12.07,-3.836
10/25/2007 14:20,3,2.372,153.2,2.286,148.3,2.744,-12.32,0.121,0,-0.018,0,0.009,0,12.07,-4.225
10/25/2007 14:30,4,1.494,131.6,1.608,140.2,2.347,-10.15,0.011,0,-0.01,0,-0.015,0,12.07,-2.569
10/25/2007 12:00,5,2.543,128.4,2.333,123.9,2.911,-11.63,-0.01,0,0.01,0,-0.004,0,12.1,1.861
10/25/2007 12:10,6,1.994,159.7,2.287,137.4,2.519,-11.54,0.035,0,0.008,0,-0.003,0,12.1,0.565
10/25/2007 12:20,7,2.156,103.3,1.599,132.1,2.381,-10.31,-0.01,0,-0.002,0,-0.012,0,12.1,1.33
10/25/2007 12:30,8,3.004,123.7,2.817,121.1,3.381,-11.08,0.009,0,0.007,0,-0.003,0,12.12,2.672
10/25/2007 12:40,9,2.538,133.7,3.212,122.6,3.68,-10.07,-0.005,0,0.008,0,0.002,0,12.12,0.309
10/25/2007 12:50,10,3.263,123,2.813,130.7,3.518,-10.68,-0.01,0,0.01,0,-0.004,0,12.12,-4.202
10/25/2007 13:00,11,1.813,151.6,2.316,138.8,3.244,-10.54,-0.022,0,0.007,0,-0.007,0,12.12,-5.94
10/25/2007 13:10,12,2.269,126.4,2.416,126.2,3.494,-9.32,-0.025,0,0.001,0,-0.007,0,12.12,-7.017
10/25/2007 13:20,13,2.793,123.9,3.035,113.9,3.773,-9.88,-0.025,0,0.01,0,0,0,12.14,-7.594
10/25/2007 13:30,14,1.931,135.5,2.845,131,3.724,-10.49,-0.023,0,0.008,0,-0.002,0,12.14,-8.04
10/25/2007 13:40,15,1.049,142.6,2.038,137.6,2.445,-10.35,-0.021,0,0.01,0,0.002,0,12.14,-8.49
10/25/2007 13:50,16,1.607,153.8,1.084,132.8,2.381,-10.42,-0.022,0,0.003,0,-0.005,0,12.14,-8.73
10/25/2007 14:00,17,2.357,143,2.107,141.1,2.656,-10.66,-0.019,0,0.007,0,0,0,12.15,-8.89
10/25/2007 14:10,18,2.249,125.7,1.688,139.3,2.416,-10.29,0.006,0,0.008,0,0,0,12.17,-9.23
10/25/2007 14:20,19,0.201,253.5,1.516,121.4,2.729,-10.49,0.016,0,0.007,0,-0.004,0,12.17,-9.55
10/25/2007 14:30,20,0.304,95.1,1.124,142.5,2.347,-9.05,0.004,0,0.011,0,-0.002,0,12.18,-9.75
10/25/2007 14:40,21,3.881,134.4,2.343,124.8,4.474,-11.05,-0.022,0,0.007,0,0.001,0,12.19,-9.8
10/25/2007 14:50,22,2.857,149.4,2.768,137.6,3.68,-8.43,2.503,0,0.012,0,0.008,0,12.19,-9.78
10/25/2007 15:00,23,1.867,121.2,2.552,149.6,3.567,-10.84,-0.016,0,0.006,0,-0.004,0,12.19,-9.62
10/25/2007 15:10,24,4.518,118,4.379,120,5.204,-10.21,-0.025,0,0.009,0,0.001,0,12.21,-9.64
10/25/2007 15:20,25,5.361,116.2,4.484,122.4,5.669,-10.4,-0.021,0,0.009,0,0.001,0,12.22,-9.75
10/25/2007 15:30,26,5.091,127.2,5.316,119.2,5.865,-10.45,-0.053,0,0.009,0,-0.001,0,12.23,-9.87
10/25/2007 15:40,27,5.155,129.1,5.45,122,5.919,-10.57,0.002,0,0.014,0,0,0,12.25,-10.05
10/25/2007 15:50,28,4.283,141.2,5.091,120.1,5.581,-11.21,-0.06,0,0.013,0,0.002,0,12.26,-10.37
10/25/2007 16:00,29,2.945,219.9,2.958,179.7,4.983,-11.01,0.028,0,0.015,0,-0.001,0,12.26,-10.74
10/25/2007 16:10,30,4.278,121.1,3.991,119.3,5.125,-10.98,0.022,0,0.014,0,0.001,0,12.26,-11.25
10/25/2007 16:20,31,5.184,118,4.133,117.9,5.258,-10.58,0,0,0.016,0,0.004,0,12.26,-11.68
10/25/2007 16:30,32,4.243,105.5,4.517,114.3,5.733,-12.06,0.001,0,0.017,0,0.005,0,12.26,-12.05
10/25/2007 16:40,33,5.106,121.9,4.601,122.2,5.233,-11.07,-0.001,0,0.013,0,0.003,0,12.27,-12.39
10/25/2007 16:50,34,4.768,121.5,4.814,120.3,5.454,-10.72,0.003,0,0.013,0,-0.002,0,12.26,-12.55
10/25/2007 17:00,35,5.125,115.5,5.069,117.6,5.743,-10.98,0.002,0,0.011,0,0,0,12.26,-12.65
10/25/2007 17:10,36,4.871,121.3,5.279,119.3,5.851,-11.09,0.026,0,0.018,0,0.006,0,12.26,-12.69
10/25/2007 17:20,37,5.135,121.1,5.32,122.7,5.816,-10.94,-0.007,0,0.015,0,0.003,0,12.26,-12.72
10/25/2007 17:30,38,4.817,121.7,5.086,113,5.914,-11.24,-0.008,0,0.015,0,0.004,0,12.26,-12.74
10/25/2007 17:40,39,5.38,110.6,5.227,118.8,6.081,-10.82,-0.054,0,0.012,0,0.003,0,12.26,-12.69
10/25/2007 17:50,40,4.905,120.8,5.133,122.8,5.919,-9.49,-0.013,0,0.009,0,0,0,12.26,-12.5
10/25/2007 18:00,41,6.115,105.8,5.604,111.6,6.203,-10.16,-0.006,0,0.013,0,0.002,0,12.26,-12.15
10/25/2007 18:10,42,6.282,107.3,5.829,110.9,6.282,-9.91,-0.021,0,0.013,0,0.002,0,12.25,-11.84
10/25/2007 18:20,43,5.694,121.1,5.554,116.9,6.115,-10.02,-0.035,0,0.015,0,0.003,0,12.26,-11.58
10/25/2007 18:30,44,6.066,119.7,5.394,122.9,6.066,-10.25,-0.032,0,0.012,0,0.005,0,12.26,-11.44
10/25/2007 18:40,45,5.89,110.5,5.496,116.7,6.037,-10.55,-0.02,0,0.011,0,0,0,12.26,-11.42
10/25/2007 18:50,46,5.199,130.7,5.327,119.8,5.954,-10.49,-0.019,0,0.011,0,0.002,0,12.26,-11.44
10/25/2007 19:00,47,5.547,113.4,5.175,113.8,5.748,-10.4,-0.001,0,0.014,0,0.006,0,12.26,-11.49
10/25/2007 19:10,48,4.675,114.8,5.059,114,6.203,-10.73,-0.02,0,0.014,0,0.003,0,12.26,-11.51
10/25/2007 19:20,49,5.562,115,5.321,115.9,6.086,-10.45,-0.043,0,0.011,0,0.004,0,12.25,-11.56
10/25/2007 19:30,50,4.165,121.6,4.916,116,5.978,-10.25,0.015,0,0.012,0,0.004,0,12.25,-11.56
10/25/2007 19:40,51,4.792,123.8,5.096,120,5.664,-9.82,-0.022,0,0.017,0,0.002,0,12.25,-11.49
10/25/2007 19:50,52,5.013,123,4.991,120,5.998,-9.45,-0.025,0,0.014,0,0.004,0,12.25,-11.3
10/25/2007 20:00,53,5.027,115.7,5.252,117.6,6.223,-9.68,-0.021,0,0.012,0,0.002,0,12.25,-11.09
10/25/2007 20:10,54,4.268,119.3,4.868,115.4,5.611,-9.88,-0.03,0,0.013,0,0.002,0,12.25,-10.98
10/25/2007 20:20,55,3.714,107.1,4.606,115.2,5.542,-9.5,-0.021,0,0.012,0,0,0,12.25,-10.91
10/25/2007 20:30,56,5.361,110,4.655,119.2,5.508,-8.7,-0.021,0,0.012,0,0.002,0,12.25,-10.84
10/25/2007 20:40,57,4.861,105.4,4.802,106.3,5.385,-9.47,-0.032,0,0.012,0,0.002,0,12.25,-10.63
10/25/2007 20:50,58,1.47,167,2.385,160.3,4.704,-9.99,-0.029,0,0.012,0,0.005,0,12.25,-10.63
10/25/2007 21:00,59,5.086,115.5,3.848,132.5,5.209,-8.47,-0.026,0,0.014,0,0.003,0,12.25,-10.6
10/25/2007 21:10,60,3.577,140,4.212,122.9,4.92,-8.06,-0.028,0,0.015,0,0.003,0,12.24,-10.37
10/25/2007 21:20,61,3.023,137.7,2.842,144.1,3.626,-8.08,-0.029,0,0.016,0,0.002,0,12.25,-10.17
10/25/2007 21:30,62,0.916,146.2,1.961,144.1,3.097,-8.35,-0.023,0,0.012,0,0.002,0,12.24,-9.98
10/25/2007 21:40,63,6.267,134.4,3.405,152.5,6.267,-7.245,-0.023,0,0.011,0,0.005,0,12.24,-9.8
10/25/2007 21:50,64,6.468,135.1,5.856,137.4,6.855,-6.679,-0.016,0,0.014,0,0.004,0,12.24,-9.39
10/25/2007 22:00,65,6.164,135.4,6.171,136.1,6.929,-6.78,-0.041,0,0.012,0,0.002,0,12.24,-8.87
10/25/2007 22:10,66,6.056,133.4,6.017,131,6.507,-6.951,-0.057,0,0.013,0,0.003,0,12.24,-8.46
10/25/2007 22:20,67,4.817,137.8,5.956,136.8,7.473,-6.96,-0.057,0,0.009,0,-0.001,0,12.24,-8.15
10/25/2007 22:30,68,4.155,149.7,5.117,150.4,6.287,-6.799,-0.064,0,0.013,0,0.001,0,12.24,-8.02
10/25/2007 22:40,69,5.591,161.5,4.838,146,6.027,-6.528,-0.047,0,0.016,0,0.001,0,12.24,-7.905
10/25/2007 22:50,70,5.419,165.8,5.673,158.1,6.282,-6.088,-0.032,0,0.014,0,0,0,12.24,-7.727
10/25/2007 23:00,71,4.405,156.6,4.918,153,5.542,-6.799,-0.026,0,0.014,0,0,0,12.24,-7.571
10/25/2007 23:10,72,4.557,167.5,4.552,151.2,5.449,-6.578,-0.02,0,0.015,0,-0.001,0,12.24,-7.571
10/25/2007 23:20,73,4.626,152.2,3.824,145.5,4.689,-7.335,0.011,0,0.013,0,0,0,12.24,-7.704
10/25/2007 23:30,74,5.836,163.6,4.703,156.6,5.836,-6.9,-0.025,0,0.016,0,0,0,12.24,-7.86
10/25/2007 23:40,75,5.586,162.4,5.436,157.3,6.399,-6.518,-0.025,0,0.015,0,-0.001,0,12.24,-7.815
10/25/2007 23:50,76,5.248,154.8,5.486,160.6,6.546,-6.438,-0.028,0,0.015,0,-0.002,0,12.24,-7.682
10/26/2007 0:00,77,4.469,156.7,5.222,162.6,5.924,-6.599,-0.02,0,0.019,0,0.001,0,12.24,-7.526
10/26/2007 0:10,78,4.234,163.9,4.674,156,5.62,-6.418,-0.015,0,0.015,0,-0.002,0,12.24,-7.35
10/26/2007 0:20,79,4.748,153.7,4.22,157.2,5.292,-6.398,-0.06,0,0.017,0,0,0,12.24,-7.216
10/26/2007 0:30,80,3.489,153.9,4.271,159.2,5.214,-6.248,-0.067,0,0.016,0,-0.001,0,12.24,-7.063
10/26/2007 0:40,81,3.43,161.1,3.679,160.5,4.449,-6.258,-0.066,0,0.015,0,-0.003,0,12.24,-6.907
10/26/2007 0:50,82,3.205,154.2,3.378,157,3.969,-6.229,-0.037,0,0.015,0,-0.003,0,12.24,-6.864
10/26/2007 1:00,83,2.984,163.7,3.124,159.6,3.538,-6.68,-0.01,0,0.016,0,0,0,12.24,-6.864
10/26/2007 1:10,84,2.955,141.7,3.144,150.9,3.695,-6.741,0.011,0,0.015,0,-0.001,0,12.24,-6.952
10/26/2007 1:20,85,3.209,129.1,3.074,142.2,3.42,-6.853,0.036,0,0.015,0,0.001,0,12.24,-7.04
10/26/2007 1:30,86,2.715,151.1,3.223,143.2,3.616,-6.832,0.021,0,0.014,0,0,0,12.24,-7.128
10/26/2007 1:40,87,3.337,157.5,2.929,157.1,3.357,-7.105,-0.022,0,0.015,0,-0.003,0,12.24,-7.261
10/26/2007 1:50,88,3.464,153.1,2.993,154.4,3.464,-7.878,0.038,0,0.017,0,0,0,12.24,-7.46
10/26/2007 2:00,89,2.636,169.2,2.911,162.2,3.504,-7.959,-0.046,0,0.015,0,-0.003,0,12.24,-7.704
10/26/2007 2:10,90,3.254,153.8,3.248,159.9,3.66,-7.307,2.503,0,0.014,0,-0.004,0,12.24,-7.928
10/26/2007 2:20,91,2.803,159.3,3.041,161.5,3.425,-7.469,0.043,0,0.016,0,0,0,12.23,-8.02
10/26/2007 2:30,92,3.724,162.4,3.208,158.4,3.871,-7.003,-0.042,0,0.015,0,-0.002,0,12.23,-8.11
10/26/2007 2:40,93,3.508,146.5,3.163,153,3.577,-7.509,-0.053,0,0.015,0,-0.001,0,12.24,-8.17
10/26/2007 2:50,94,3.69,141.6,3.691,144.2,4.057,-7.387,-0.012,0,0.014,0,-0.002,0,12.23,-8.26
10/26/2007 3:00,95,3.91,144.4,3.827,145.3,4.243,-7.021,-0.022,0,0.015,0,-0.002,0,12.23,-8.26
10/26/2007 3:10,96,3.42,157,3.772,156.7,4.239,-6.648,-0.036,0,0.014,0,-0.004,0,12.23,-8.17
10/26/2007 3:20,97,2.837,153.2,3.31,160.3,3.748,-7.488,-0.036,0,0.015,0,-0.003,0,12.23,-8.06
10/26/2007 3:30,98,3.205,166.5,3.576,151.6,4.116,-7.398,-0.011,0,0.016,0,-0.002,0,12.23,-8.04
10/26/2007 3:40,99,3.249,163,3.365,159.4,3.856,-7.591,2.503,0,0.017,0,0,0,12.23,-8.04
10/26/2007 3:50,100,3.949,170.4,3.875,168.5,4.474,-7.043,2.503,0,0.016,0,-0.002,0,12.23,-8.11
10/26/2007 4:00,101,4.381,165,4.183,168.2,4.542,-7.124,-0.013,0,0.015,0,-0.004,0,12.23,-8.06
10/26/2007 4:10,102,4.145,163.2,4.418,165,4.939,-6.861,2.503,0,0.016,0,-0.004,0,12.23,-8.02
10/26/2007 4:20,103,3.185,157.6,3.77,163.8,4.395,-7.124,-0.009,0,0.016,0,-0.004,0,12.23,-7.951
10/26/2007 4:30,104,3.739,160.6,3.294,164.6,3.739,-6.519,-0.01,0,0.018,0,-0.001,0,12.23,-7.905
10/26/2007 4:40,105,3.513,164.8,3.765,167.7,4.096,-6.268,-0.011,0,0.016,0,-0.005,0,12.22,-7.795
10/26/2007 4:50,106,3.151,156,3.318,160.7,3.729,-6.439,-0.017,0,0.015,0,-0.001,0,12.22,-7.639
10/26/2007 5:00,107,2.293,148.9,2.889,161.6,3.396,-6.762,-0.011,0,0.015,0,-0.005,0,12.22,-7.505
10/26/2007 5:10,108,2.254,131.5,2.613,142.6,3.464,-6.16,-0.019,0,0.015,0,-0.004,0,12.22,-7.415
10/26/2007 5:20,109,3.018,163.1,2.886,163.3,3.9,-5.861,-0.015,0,0.015,0,-0.005,0,12.21,-7.282
10/26/2007 5:30,110,2.504,159.7,2.876,169,3.381,-5.562,0,0,0.015,0,-0.005,0,12.21,-7.128
10/26/2007 5:40,111,2.367,158.2,2.428,168.9,2.96,-5.98,-0.02,0,0.014,0,-0.004,0,12.21,-6.952
10/26/2007 5:50,112,3.023,143.9,2.41,144.7,3.469,-5.94,-0.015,0,0.016,0,0.002,0,12.21,-6.884
10/26/2007 6:00,113,2.715,132.9,2.652,130.1,3.209,-6.129,-0.019,0,0.019,0,0.002,0,12.21,-6.952
10/26/2007 6:10,114,1.681,139.3,2.208,118.4,2.631,-6.541,-0.019,0,0.014,0,-0.005,0,12.21,-7.04
10/26/2007 6:20,115,2.847,100.1,1.883,124.5,3.523,-6.13,-0.344,0,0.018,0,-0.001,0,12.21,-7.194
10/26/2007 6:30,116,1.828,128.2,1.723,127.3,2.278,-6.6,-0.022,0,0.015,0,-0.002,0,12.21,-7.282
10/26/2007 6:40,117,0.833,267.1,1.497,125.8,2.729,-6.682,-0.024,0,0.017,0,0,0,12.21,-7.35
10/26/2007 6:50,118,0.96,163.1,1.499,197.5,2.048,-5.821,-0.005,0,0.011,0,-0.004,0,12.21,-7.395
10/26/2007 7:00,119,1.397,119.5,1.661,113.4,2.367,-5.999,-0.001,0,0.019,0,0.003,0,12.21,-7.372
10/26/2007 7:10,120,0.441,174.1,0.681,148.8,1.446,-6.279,-0.018,0,0.016,0,0.003,0,12.2,-7.372
10/26/2007 7:20,121,1.044,114.1,0.788,169.3,1.274,-6.159,-0.014,0,0.018,0,0,0,12.2,-7.304
10/26/2007 7:30,122,1.171,151.5,1.14,142.3,1.406,-5.739,-0.016,0,0.014,0,0,0,12.2,-7.194
10/26/2007 7:40,123,0.813,159.7,1.47,159.4,2.073,-5.82,0.039,0,0.018,0,0,0,12.2,-7.04
10/26/2007 7:50,124,1.137,140.8,1.44,142.2,1.887,-5.939,-0.005,0,0.015,0,0,0,12.2,-6.864
10/26/2007 8:00,125,1.651,115.8,1.401,131,1.651,-5.879,0.036,0,0.017,0,0,0,12.2,-6.731
10/26/2007 8:10,126,2.068,136.2,2.12,127.6,2.362,-5.859,0.041,0,0.017,0,0.001,0,12.2,-6.62
10/26/2007 8:20,127,1.499,148.2,1.576,147.7,2.127,-5.998,-0.03,0,0.018,0,0,0,12.2,-6.511
10/26/2007 8:30,128,1.612,135.1,1.403,144.6,1.612,-5.709,-0.046,0,0.015,0,0.003,0,12.2,-6.446
10/26/2007 8:40,129,0.348,50.2,1.05,88.3,1.676,-6.318,-0.348,0,0.018,0,0.002,0,12.2,-6.401
10/26/2007 8:50,130,1.676,92.1,1.86,88.6,2.509,-6.199,0.034,0,0.018,0,-0.001,0,12.2,-6.378
10/26/2007 9:00,131,1.705,117.5,1.893,105,2.127,-5.61,-0.053,0,0.019,0,0.001,0,12.19,-6.378
10/26/2007 9:10,132,0.833,129.5,1.255,120,1.72,-6.108,-0.056,0,0.016,0,0,0,12.19,-6.335
10/26/2007 9:20,133,1.215,110.9,1.185,125.2,1.553,-5.441,-0.036,0,0.019,0,0,0,12.19,-6.335
10/26/2007 9:30,134,0,180,0.638,150.8,1.205,-5.759,-0.047,0,0.018,0,0.001,0,12.19,-6.247
10/26/2007 9:40,135,0.549,219.1,0.049,230.7,0.662,-5.63,-0.034,0,0.018,0,0.002,0,12.19,-6.204
10/26/2007 9:50,136,0.809,36.59,0.435,31.53,1.083,-6.118,-0.035,0,0.015,0,-0.001,0,12.18,-6.116
10/26/2007 10:00,137,0.333,126.1,0.83,80.4,1.122,-6.188,-0.028,0,0.018,0,0.002,0,12.18,-6.073
10/26/2007 10:10,138,0.843,149,0.17,132.4,0.853,-5.879,-0.026,0,0.014,0,-0.002,0,12.18,-6.073
10/26/2007 10:20,139,0,149.2,0.521,149.2,0.838,-6.558,-0.022,0,0.016,0,0.001,0,12.18,-6.073
10/26/2007 10:30,140,0.603,101.9,0.518,135.3,1.112,-6.218,-0.009,0,0.016,0,0,0,12.17,-6.139
10/26/2007 10:40,141,0,101.9,0.1,101.9,0.495,-5.085,-0.002,0,0.014,0,-0.005,0,12.17,-6.139
10/26/2007 10:50,142,0.593,113.2,0.635,110.6,1.176,-5.759,-0.013,0,0.018,0,-0.001,0,12.17,-6.028
10/26/2007 11:00,143,1.235,127.4,1.115,116.7,1.328,-5.959,-0.012,0,0.016,0,0,0,12.17,-5.94
10/26/2007 11:10,144,1.362,105.2,1.096,118.8,1.7,-5.391,-0.028,0,0.017,0,-0.001,0,12.17,-5.874
10/26/2007 11:20,145,1.71,104.9,1.367,106.3,2.053,-5.629,-0.036,0,0.019,0,-0.001,0,12.17,-5.766
10/26/2007 11:30,146,1.637,102.3,1.72,101.6,2.132,-5.599,-0.043,0,0.018,0,0,0,12.17,-5.678
10/26/2007 11:40,147,1.862,120.2,1.601,107.8,2.019,-5.539,-0.002,0,0.02,0,0,0,12.17,-5.569
10/26/2007 11:50,148,2.024,124.2,1.957,119.1,2.347,-4.946,0.003,0,0.019,0,0,0,12.17,-5.418
10/26/2007 12:00,149,1.612,117.3,1.973,122.2,2.47,-4.926,0.025,0,0.019,0,-0.003,0,12.17,-5.178
10/26/2007 12:10,150,1.715,152.4,2.148,126.8,3.146,-4.907,0.022,0,0.02,0,-0.002,0,12.17,-4.962
10/26/2007 12:20,151,1.328,170.1,1.75,142.5,2.445,-4.515,0.021,0,0.02,0,-0.002,0,12.16,-4.788
10/26/2007 12:30,152,1.073,161.4,1.297,162.5,1.705,-4.457,0.019,0,0.019,0,-0.003,0,12.16,-4.571
10/26/2007 12:40,153,2.009,131.3,1.025,137.6,2.009,-4.694,0.002,0,0.018,0,-0.004,0,12.15,-4.354
10/26/2007 12:50,154,0.902,157.8,1.568,155.1,2.293,-5.089,-0.008,0,0.018,0,-0.003,0,12.14,-4.225
10/26/2007 13:00,155,1.044,170.3,1.186,201.2,1.47,-5.336,-0.038,0,0.014,0,-0.007,0,12.14,-4.225
10/26/2007 13:10,156,0.985,148.2,1.265,180,1.627,-6.875,-0.017,0,0.012,0,-0.005,0,12.14,-4.462
10/26/2007 13:20,157,1.367,182,1.528,162.6,2.127,-6.643,0.012,0,0.015,0,-0.003,0,12.15,-5.025
10/26/2007 13:30,158,1.494,142.7,1.806,160,2.357,-7.809,0,0,0.018,0,-0.001,0,12.14,-5.678
10/26/2007 13:40,159,2.225,136,1.854,133.1,2.327,-6.984,0.01,0,0.019,0,0,0,12.16,-6.335
10/26/2007 13:50,160,1.695,183.4,2.087,141.4,2.891,-6.913,0.008,0,0.016,0,-0.003,0,12.16,-6.819
10/26/2007 14:00,161,2.342,174.2,2.253,156.2,3.014,-7.288,0.004,0,0.02,0,0,0,12.16,-7.171
10/26/2007 14:10,162,1.181,140.8,1.839,167.4,3.087,-7.065,0.005,0,0.018,0,-0.001,0,12.16,-7.438
10/26/2007 14:20,163,0.804,141.2,1.303,160.9,1.671,-6.872,-0.003,0,0.017,0,0.003,0,12.15,-7.594
10/26/2007 14:30,164,1.279,133.5,1.237,135.4,1.803,-6.639,0.011,0,0.02,0,0.004,0,12.15,-7.571
10/26/2007 14:40,165,1.47,96.3,1.09,116,1.695,-5.521,-0.037,0,0.019,0,0.001,0,12.15,-7.372
10/26/2007 14:50,166,0,131.3,0.77,115.8,1.548,-6.278,-0.039,0,0.02,0,0,0,12.14,-7.106
10/26/2007 15:00,167,0,287.1,0.267,282.8,0.892,-6.489,0.019,0,0.019,0,0,0,12.14,-7.04
10/26/2007 15:10,168,1.176,109.7,0.327,120.2,1.191,-7.287,0.011,0,0.02,0,0,0,12.15,-7.151
10/26/2007 15:20,169,0.412,83.7,1.02,103,1.455,-6.55,-0.002,0,0.017,0,-0.002,0,12.15,-7.327
10/26/2007 15:30,170,0,100.3,0.661,84.8,1.436,-6.782,0.008,0,0.021,0,0.002,0,12.14,-7.438
10/26/2007 15:40,171,0.221,115.5,0.252,115.4,0.671,-6.15,-0.006,0,0.019,0,-0.002,0,12.14,-7.505
10/26/2007 15:50,172,0.931,178.3,0.516,148.5,0.931,-6,0.004,0,0.015,0,-0.006,0,12.14,-7.46
10/26/2007 16:00,173,1.107,141.2,1.161,157.1,1.274,-6.21,0.01,0,0.017,0,0,0,12.14,-7.35
10/26/2007 16:10,174,0.387,128.4,0.825,132.8,1.137,-5.562,0.013,0,0.018,0,-0.004,0,12.14,-7.216
10/26/2007 16:20,175,0.132,128.6,0.091,128.5,0.338,-5.186,0.013,0,0.018,0,-0.002,0,12.13,-7.063
10/26/2007 16:30,176,0,128.5,0.062,128.6,0.372,-5.216,0.002,0,0.015,0,-0.004,0,12.13,-6.864
10/26/2007 16:40,177,0,128.4,0,0,0,-5.235,0.002,0,0.015,0,-0.006,0,12.13,-6.708
10/26/2007 16:50,178,0.662,118,1.115,102.3,1.769,-6.52,0.004,0,0.02,0,0,0,12.13,-6.688
10/26/2007 17:00,179,0.044,280.7,0.276,215.3,0.662,-6.681,0.009,0,0.016,0,-0.005,0,12.13,-6.841
10/26/2007 17:10,180,0.343,156.6,0.082,207.4,0.461,-7.694,0.002,0,0.017,0,-0.001,0,12.13,-7.216
10/26/2007 17:20,181,0.882,106.9,0.805,133.5,1.112,-6.964,-0.004,0,0.013,0,-0.01,0,12.13,-7.639
10/26/2007 17:30,182,0.745,107,0.63,107.2,0.887,-6.682,-0.001,0,0.016,0,-0.006,0,12.13,-7.905
10/26/2007 17:40,183,0.926,122.4,0.855,113.6,1.122,-7.776,0.003,0,0.023,0,0.001,0,12.13,-7.973
10/26/2007 17:50,184,0.392,96.3,0.437,113,0.877,-6.34,0.01,0,0.015,0,-0.006,0,12.12,-7.993
10/26/2007 18:00,185,0.402,101.4,0.395,98.2,0.505,-5.958,0.007,0,0.015,0,-0.007,0,12.12,-7.905
10/26/2007 18:10,186,0.328,91.8,0.447,97,0.73,-6.198,0.007,0,0.016,0,-0.007,0,12.12,-7.749
10/26/2007 18:20,187,0,76.89,0.11,91.8,0.367,-6.559,0.004,0,0.017,0,-0.005,0,12.12,-7.639
10/26/2007 18:30,188,0,77.37,0,0,0,-7.082,0.008,0,0.02,0,0.002,0,12.12,-7.616
10/26/2007 18:40,189,0,77.47,0,0,0,-6.901,0.001,0,0.02,0,-0.002,0,12.11,-7.594
10/26/2007 18:50,190,0,77.56,0,0,0,-6.688,0.005,0,0.021,0,0,0,12.11,-7.505
10/26/2007 19:00,191,0.387,121.3,0.288,151.4,0.691,-7.265,0.001,0,0.023,0,0.002,0,12.11,-7.395
10/26/2007 19:10,192,0.632,174,0.725,157,1.152,-6.519,-0.034,0,0.023,0,0.001,0,12.1,-7.282
10/26/2007 19:20,193,0.779,174.3,0.684,162.5,0.828,-6.438,-0.029,0,0.021,0,0.002,0,12.1,-7.128
10/26/2007 19:30,194,0.549,169,0.541,170.7,0.759,-6.369,-0.016,0,0.021,0,0,0,12.1,-6.972
10/26/2007 19:40,195,0.804,162.5,0.627,153.6,0.833,-6.279,0,0,0.022,0,0,0,12.1,-6.776
10/26/2007 19:50,196,0.632,165.6,0.74,160.4,0.97,-6.239,0.002,0,0.021,0,-0.001,0,12.1,-6.642
10/26/2007 20:00,197,1.044,170.4,0.844,169.4,1.044,-6.199,0,0,0.021,0,-0.002,0,12.1,-6.532
10/26/2007 20:10,198,0.951,183.9,0.912,185.4,1.259,-6.159,0.005,0,0.022,0,-0.001,0,12.1,-6.446
10/26/2007 20:20,199,0.613,180.6,0.811,183.8,0.975,-6.118,-0.001,0,0.022,0,-0.001,0,12.1,-6.358
10/26/2007 20:30,200,0.735,185.9,0.684,186.2,0.853,-6.078,-0.002,0,0.021,0,-0.001,0,12.1,-6.292
10/26/2007 20:40,201,0.005,208.7,0.465,201.2,0.799,-5.869,0.004,0,0.021,0,-0.001,0,12.09,-6.204
10/26/2007 20:50,202,0.647,222.2,0.427,215.6,0.671,-5.859,0.004,0,0.021,0,0,0,12.09,-6.116
10/26/2007 21:00,203,0.608,255.2,0.768,248.3,0.916,-5.888,0.001,0,0.022,0,0.002,0,12.09,-6.028
10/26/2007 21:10,204,0.985,228.3,0.803,243,1.029,-6.157,0.006,0,0.022,0,0.002,0,12.09,-5.985
10/26/2007 21:20,205,0.877,273.4,0.932,249.8,1.073,-6.297,0.016,0,0.02,0,0.003,0,12.08,-5.962
10/26/2007 21:30,206,0.348,294,0.523,291.7,0.804,-6.377,0.016,0,0.022,0,0.003,0,12.08,-5.985
10/26/2007 21:40,207,0,294,0.041,294,0.323,-6.378,0.003,0,0.02,0,0.003,0,12.08,-5.985
10/26/2007 21:50,208,0.152,293.7,0.015,293.7,0.201,-6.378,0.002,0,0.021,0,0.003,0,12.08,-6.005
10/26/2007 22:00,209,0,293.9,0.074,293.8,0.245,-6.368,-0.003,0,0.02,0,0.002,0,12.08,-6.005
10/26/2007 22:10,210,0,293.9,0,0,0,-6.348,-0.004,0,0.02,0,0.003,0,12.08,-6.028
10/26/2007 22:20,211,0.059,294.2,0.257,294.2,0.421,-6.358,-0.004,0,0.019,0,0.003,0,12.07,-6.028
10/26/2007 22:30,212,0,294.2,0.001,294.2,0.015,-6.308,-0.008,0,0.023,0,0.003,0,12.07,-6.05
10/26/2007 22:40,213,0,293.7,0,0,0,-6.327,-0.008,0,0.019,0,0,0,12.07,-6.05
10/26/2007 22:50,214,0.613,166.3,0.261,194.4,0.681,-6.387,-0.01,0,0.022,0,0,0,12.07,-6.073
10/26/2007 23:00,215,0.568,156.7,0.565,162.5,0.657,-6.357,-0.013,0,0.023,0,0.003,0,12.07,-6.093
10/26/2007 23:10,216,1.436,156.6,1.144,157,1.48,-6.438,-0.014,0,0.022,0,0.004,0,12.07,-6.139
10/26/2007 23:20,217,1.348,156.4,1.487,157.1,1.7,-6.388,-0.016,0,0.022,0,0.004,0,12.07,-6.159
10/26/2007 23:30,218,1.181,170.7,1.482,166,1.764,-6.298,-0.017,0,0.023,0,0.004,0,12.07,-6.204
10/26/2007 23:40,219,0.735,183.7,1.102,177.1,1.436,-6.138,-0.022,0,0.023,0,0.003,0,12.07,-6.204
10/26/2007 23:50,220,0.73,184.9,0.931,185.6,1.058,-6.018,-0.007,0,0.022,0,-0.002,0,12.07,-6.182
10/27/2007 0:00,221,0.897,194.9,0.923,189.3,1.23,-6.097,-0.013,0,0.023,0,-0.004,0,12.06,-6.139
10/27/2007 0:10,222,1.058,185.3,1.033,186.9,1.23,-6.087,-0.017,0,0.023,0,-0.007,0,12.06,-6.116
10/27/2007 0:20,223,1.22,194.9,1.07,192.8,1.509,-5.967,-0.02,0,0.023,0,-0.006,0,12.06,-6.116
10/27/2007 0:30,224,0.529,215.3,0.953,222.3,1.705,-5.471,-0.021,0,0.022,0,-0.009,0,12.06,-6.05
10/27/2007 0:40,225,0.318,252.5,0.336,221.4,0.696,-5.57,-0.019,0,0.023,0,-0.013,0,12.06,-5.985
10/27/2007 0:50,226,0.034,251.1,0.13,251,0.417,-5.58,-0.017,0,0.023,0,-0.012,0,12.05,-5.919
10/27/2007 1:00,227,0,251.2,0.005,251,0.142,-5.639,-0.024,0,0.022,0,-0.015,0,12.05,-5.874
10/27/2007 1:10,228,0,351.6,0.003,351.8,0.059,-5.938,-0.03,0,0.023,0,-0.015,0,12.05,-5.854
10/27/2007 1:20,229,0,351.9,0,0,0,-5.957,-0.035,0,0.02,0,-0.015,0,12.05,-5.874
10/27/2007 1:30,230,0.328,59.98,0.134,60.02,0.367,-5.928,-0.035,0,0.019,0,-0.011,0,12.05,-5.897
10/27/2007 1:40,231,0,59.98,0.11,60.05,0.387,-5.997,-0.034,0,0.017,0,-0.006,0,12.05,-5.919
10/27/2007 1:50,232,0,60.03,0,0,0,-5.977,-0.032,0,0.013,0,-0.004,0,12.05,-5.962
10/27/2007 2:00,233,0,60.07,0,0,0,-5.927,-0.03,0,0.014,0,-0.001,0,12.05,-5.985
10/27/2007 2:10,234,0,60.17,0,0,0,-6.157,-0.033,0,0.011,0,0,0,12.04,-6.028
10/27/2007 2:20,235,0.24,151.7,0.079,151.6,0.466,-6.247,-0.031,0,0.012,0,-0.001,0,12.04,-6.073
10/27/2007 2:30,236,0.27,151.7,0.048,151.7,0.27,-6.328,-0.026,0,0.015,0,0.002,0,12.04,-6.139
10/27/2007 2:40,237,0.23,151.8,0.283,151.7,0.387,-6.378,-0.028,0,0.016,0,0.002,0,12.04,-6.204
10/27/2007 2:50,238,0.72,151,0.577,151.5,0.72,-6.469,-0.025,0,0.017,0,0.003,0,12.04,-6.247
10/27/2007 3:00,239,0,150.4,0.327,150.5,0.75,-6.479,-0.025,0,0.02,0,0.003,0,12.04,-6.313
10/27/2007 3:10,240,0,150.4,0,0,0,-6.358,-0.028,0,0.02,0,0.004,0,12.04,-6.358
10/27/2007 3:20,241,0.353,47.8,0.085,61.83,0.353,-6.218,-0.028,0,0.022,0,0.003,0,12.03,-6.358
10/27/2007 3:30,242,0.627,20.4,0.66,17.24,1.22,-6.249,-0.023,0,0.022,0,0.003,0,12.03,-6.358
10/27/2007 3:40,243,0.951,26.11,0.749,22.89,0.951,-6.379,-0.025,0,0.023,0,0.003,0,12.03,-6.335
10/27/2007 3:50,244,0.696,32.54,0.704,28.52,0.882,-6.51,-0.025,0,0.025,0,0.006,0,12.03,-6.335
10/27/2007 4:00,245,0.632,42.33,0.787,37.31,0.936,-6.569,-0.028,0,0.025,0,0.005,0,12.03,-6.378
10/27/2007 4:10,246,0,43.38,0.132,43.17,0.598,-6.429,-0.031,0,0.026,0,0.004,0,12.03,-6.423
10/27/2007 4:20,247,0,252.3,0.091,232.4,0.519,-6.099,-0.005,0,0.027,0,0.005,0,12.03,-6.423
10/27/2007 4:30,248,0.617,300.5,0.302,286.1,0.617,-5.919,-0.004,0,0.026,0,0.005,0,12.02,-6.378
10/27/2007 4:40,249,1.563,292.5,0.877,300,1.563,-5.7,0.015,0,0.027,0,0.006,0,12.02,-6.313
10/27/2007 4:50,250,1.049,279.6,1.122,287,1.563,-5.71,0.017,0,0.026,0,0.005,0,12.02,-6.204
10/27/2007 5:00,251,0.857,279.8,1,289.3,1.338,-5.879,0.014,0,0.027,0,0.004,0,12.02,-6.116
10/27/2007 5:10,252,1.181,247.9,1.065,259.4,1.181,-5.968,0.015,0,0.027,0,0.003,0,12.02,-6.05
10/27/2007 5:20,253,0.764,247.1,1.164,247.6,1.382,-5.908,0.016,0,0.028,0,0.007,0,12.01,-6.028
10/27/2007 5:30,254,0.666,219.3,0.701,238.7,0.867,-5.988,0.015,0,0.028,0,0.006,0,12.01,-6.005
10/27/2007 5:40,255,0.377,215.6,0.492,214.1,0.652,-5.898,0.014,0,0.026,0,0.005,0,12.01,-5.985
10/27/2007 5:50,256,0.338,176.7,0.243,203.3,0.588,-6.077,0.014,0,0.025,0,0.006,0,12.01,-5.985
10/27/2007 6:00,257,0.309,176.7,0.416,176.7,0.72,-6.118,0.011,0,0.024,0,0.007,0,12.01,-6.005
10/27/2007 6:10,258,0.505,168.9,0.53,167.8,0.759,-6.578,0.007,0,0.022,0,0.004,0,12.01,-6.116
10/27/2007 6:20,259,0.647,165.5,0.588,170.2,0.75,-6.71,0.018,0,0.017,0,0.004,0,12.01,-6.378
10/27/2007 6:30,260,1.254,155.6,0.941,169.5,1.254,-7.104,0.007,0,0.018,0,0.006,0,12.01,-6.708
10/27/2007 6:40,261,1.22,150,1.318,149.1,1.544,-7.135,0.021,0,0.023,0,0.01,0,12,-6.952
10/27/2007 6:50,262,0.745,152.3,1.055,149,1.22,-6.902,0.014,0,0.021,0,0.007,0,12.01,-7.063
10/27/2007 7:00,263,0.916,156,0.954,148.4,1.132,-6.712,0.01,0,0.02,0,0.008,0,12.01,-7.083
10/27/2007 7:10,264,0.632,183.3,0.628,167.2,0.857,-6.631,0.007,0,0.019,0,0.007,0,12,-7.04
10/27/2007 7:20,265,0.167,215.2,0.434,204.9,0.686,-6.299,0.004,0,0.018,0,0.012,0,12,-6.972
10/27/2007 7:30,266,0,215.2,0.044,215.2,0.235,-5.95,0.016,0,0.014,0,0.009,0,11.99,-6.841
10/27/2007 7:40,267,0.554,322.6,0.273,320.6,0.617,-5.78,0.015,0,0.016,0,0.007,0,11.99,-6.708
10/27/2007 7:50,268,0.27,332.4,0.396,331.5,0.676,-6.07,0.015,0,0.016,0,0.006,0,11.99,-6.554
10/27/2007 8:00,269,0.632,18.57,0.399,352.5,0.671,-6.059,0.011,0,0.022,0,0.006,0,11.99,-6.466
10/27/2007 8:10,270,1.147,348.7,0.853,0.186,1.215,-6.039,0.015,0,0.025,0,0.003,0,11.99,-6.378
10/27/2007 8:20,271,0.387,351,0.733,352.9,1.083,-6.148,0.015,0,0.022,0,0.004,0,11.99,-6.313
10/27/2007 8:30,272,0.451,0.624,0.413,354,0.603,-6.178,0.017,0,0.025,0,0,0,11.99,-6.27
10/27/2007 8:40,273,0.857,352.8,0.568,4.609,0.857,-6.188,0.016,0,0.026,0,0.006,0,11.99,-6.247
10/27/2007 8:50,274,0.274,353.5,0.566,349.7,1.063,-6.098,0.015,0,0.026,0,0,0,11.99,-6.204
10/27/2007 9:00,275,0,2.447,0.337,355.6,0.647,-6.198,0.016,0,0.025,0,0.005,0,11.98,-6.182
10/27/2007 9:10,276,0,2.399,0,0,0,-6.138,0.012,0,0.026,0,-0.004,0,11.98,-6.159
10/27/2007 9:20,277,0,2.255,0,0,0,-5.988,0.007,0,0.025,0,-0.006,0,11.98,-6.139
10/27/2007 9:30,278,0,2.111,0,0,0,-6.027,0.014,0,0.025,0,0.001,0,11.97,-6.073
10/27/2007 9:40,279,0.412,268.3,0.055,271.6,0.412,-5.928,0.011,0,0.025,0,-0.004,0,11.97,-6.005
10/27/2007 9:50,280,0.573,271,0.473,272.2,0.823,-5.907,0.012,0,0.019,0,-0.002,0,11.97,-5.897
10/27/2007 10:00,281,0.809,261.5,0.587,260.9,0.892,-5.957,0.014,0,0.02,0,0.003,0,11.96,-5.788
10/27/2007 10:10,282,0.608,247.6,0.705,259,0.897,-5.848,0.015,0,0.019,0,0.005,0,11.96,-5.678
10/27/2007 10:20,283,0.309,225.3,0.484,229.2,0.857,-5.559,0.014,0,0.023,0,0.005,0,11.96,-5.547
10/27/2007 10:30,284,0,225.4,0.174,225.3,0.431,-5.48,0.018,0,0.024,0,-0.003,0,11.96,-5.438
10/27/2007 10:40,285,0,240.7,0.035,240.1,0.387,-5.58,0.02,0,0.027,0,-0.003,0,11.96,-5.307
10/27/2007 10:50,286,0.461,289.9,0.084,273.4,0.461,-5.759,0.016,0,0.026,0,0.006,0,11.96,-5.199
10/27/2007 11:00,287,0.039,307.9,0.428,292.3,1.23,-5.7,0.012,0,0.027,0,0.004,0,11.96,-5.09
10/27/2007 11:10,288,0.48,272.5,0.429,284.6,1.23,-5.472,-0.001,0,0.027,0,0.001,0,11.95,-5.004
10/27/2007 11:20,289,0.936,261.1,0.571,276.4,0.936,-5.412,-0.005,0,0.024,0,-0.001,0,11.95,-4.896
10/27/2007 11:30,290,0.431,273.4,0.625,264.9,0.857,-5.343,-0.023,0,0.023,0,0,0,11.95,-4.808
10/27/2007 11:40,291,0.495,271.2,0.578,272.8,0.813,-5.365,0.027,0,0.029,0,0.002,0,11.95,-4.679
10/27/2007 11:50,292,0.97,231.9,0.829,242.1,1.725,-5.424,0.012,0,0.029,0,-0.002,0,11.95,-4.571
10/27/2007 12:00,293,1.299,234.7,1.095,235.7,1.529,-5.465,-0.002,0,0.033,0,-0.006,0,11.95,-4.548
10/27/2007 12:10,294,1.348,250.9,1.247,249.6,1.749,-5.544,-0.015,0,0.034,0,-0.005,0,11.95,-4.528
10/27/2007 12:20,295,1.695,231.1,1.497,249.7,1.916,-5.623,-0.009,0,0.034,0,-0.003,0,11.95,-4.528
10/27/2007 12:30,296,1.387,232.2,1.436,232,1.754,-5.564,0.033,0,0.035,0,0.001,0,11.95,-4.548
10/27/2007 12:40,297,1.867,243.1,1.63,242.9,2.205,-5.525,-0.021,0,0.035,0,0.005,0,11.94,-4.571
10/27/2007 12:50,298,1.725,246.7,1.736,246,2.19,-5.485,0.026,0,0.034,0,0.007,0,11.94,-4.571
10/27/2007 13:00,299,1.367,252.3,1.629,255.1,2.043,-5.495,0.02,0,0.035,0,0.008,0,11.94,-4.548
10/27/2007 13:10,300,1.774,270.6,1.848,268.6,2.352,-5.425,0.014,0,0.035,0,0.008,0,11.94,-4.505
10/27/2007 13:20,301,1.94,267.6,1.967,270.2,2.558,-5.435,0.014,0,0.035,0,0.006,0,11.94,-4.462
10/27/2007 13:30,302,2.435,263.3,2.373,267.5,2.876,-5.564,0.022,0,0.036,0,0.007,0,11.94,-4.44
10/27/2007 13:40,303,1.578,259,1.943,261.1,2.533,-5.514,0.034,0,0.035,0,0.005,0,11.94,-4.44
10/27/2007 13:50,304,2.21,255.7,1.939,261.9,2.759,-5.564,0.025,0,0.036,0,0.006,0,11.94,-4.44
10/27/2007 14:00,305,1.852,268,2.074,264.3,2.44,-5.594,-0.018,0,0.036,0,0.006,0,11.94,-4.485
10/27/2007 14:10,306,1.984,280.7,2.014,274.5,2.269,-5.564,-0.006,0,0.036,0,0.006,0,11.94,-4.528
10/27/2007 14:20,307,2.171,266.7,1.911,276,2.23,-5.594,0.003,0,0.036,0,0.006,0,11.94,-4.548
10/27/2007 14:30,308,2.455,271.8,2.078,270.7,2.602,-5.703,0.005,0,0.035,0,0.004,0,11.94,-4.593
10/27/2007 14:40,309,2.283,265.5,2.141,265.6,2.538,-5.743,0.011,0,0.037,0,0.005,0,11.93,-4.679
10/27/2007 14:50,310,2.602,282.1,2.299,269.3,2.808,-5.683,0.002,0,0.035,0,0.005,0,11.93,-4.745
10/27/2007 15:00,311,1.7,276.3,2.026,278.4,2.553,-5.673,-0.004,0,0.035,0,0.005,0,11.93,-4.808
10/27/2007 15:10,312,1.485,277.1,1.638,277.1,2.053,-5.594,-0.014,0,0.036,0,0.005,0,11.93,-4.853
10/27/2007 15:20,313,1.544,276,1.496,273.4,1.935,-5.624,-0.012,0,0.036,0,0.006,0,11.92,-4.873
10/27/2007 15:30,314,1.23,276.3,1.211,279.8,1.553,-5.683,-0.011,0,0.036,0,0.005,0,11.92,-4.916
10/27/2007 15:40,315,0.941,273.9,0.874,277.4,1.303,-5.694,-0.011,0,0.036,0,0.005,0,11.92,-4.962
10/27/2007 15:50,316,0.49,277.5,0.663,277.4,0.99,-5.703,-0.013,0,0.036,0,0.005,0,11.92,-5.004
10/27/2007 16:00,317,0,277.7,0.28,277.6,0.686,-5.683,-0.012,0,0.036,0,0.005,0,11.92,-5.047
10/27/2007 16:10,318,0,277.7,0.014,277.7,0.137,-5.673,-0.016,0,0.036,0,0.005,0,11.92,-5.09
10/27/2007 16:20,319,0,277.7,0,0,0,-5.732,-0.015,0,0.037,0,0.006,0,11.91,-5.133
10/27/2007 16:30,320,0,277.7,0,0,0,-5.76,-0.013,0,0.037,0,0.007,0,11.91,-5.199
10/27/2007 16:40,321,0,277.8,0,0,0,-5.799,-0.012,0,0.037,0,0.006,0,11.91,-5.244
10/27/2007 16:50,322,0,278.2,0,0,0,-5.818,-0.012,0,0.037,0,0.006,0,11.91,-5.307
10/27/2007 17:00,323,0,278.2,0,0,0,-5.818,-0.01,0,0.037,0,0.006,0,11.91,-5.373
10/27/2007 17:10,324,0,278.2,0,0,0,-5.818,-0.012,0,0.037,0,0.006,0,11.91,-5.418
10/27/2007 17:20,325,0,278.2,0,0,0,-5.828,-0.011,0,0.037,0,0.006,0,11.91,-5.461
10/27/2007 17:30,326,0,278.2,0,0,0,-5.828,-0.012,0,0.037,0,0.007,0,11.91,-5.504
10/27/2007 17:40,327,0,278.1,0.003,278.2,0.049,-5.778,-0.009,0,0.037,0,0.006,0,11.9,-5.526
10/27/2007 17:50,328,0.289,278,0.018,278.1,0.289,-5.698,-0.008,0,0.036,0,0.007,0,11.9,-5.526
10/27/2007 18:00,329,0.172,278.1,0.387,278,0.603,-5.638,-0.008,0,0.038,0,0.005,0,11.9,-5.504
10/27/2007 18:10,330,0.196,277.4,0.318,277.6,0.647,-5.609,-0.008,0,0.04,0,0.008,0,11.9,-5.483
10/27/2007 18:20,331,0.348,272.8,0.362,273.1,0.578,-5.618,-0.009,0,0.039,0,0.008,0,11.9,-5.461
10/27/2007 18:30,332,0.833,238.3,0.47,259.7,0.833,-5.569,-0.008,0,0.04,0,0.009,0,11.9,-5.438
10/27/2007 18:40,333,1.161,240.9,0.96,241.8,1.161,-5.578,-0.007,0,0.04,0,0.008,0,11.9,-5.418
10/27/2007 18:50,334,1.058,235.3,1.084,235.2,1.475,-5.609,-0.003,0,0.04,0,0.009,0,11.9,-5.395
10/27/2007 19:00,335,0.853,241.4,0.925,243.4,1.299,-5.589,-0.004,0,0.04,0,0.009,0,11.89,-5.395
10/27/2007 19:10,336,1.093,227.3,1.027,241.9,1.372,-5.579,-0.002,0,0.04,0,0.009,0,11.89,-5.395
10/27/2007 19:20,337,0.921,248.3,1.088,248.5,1.593,-5.51,-0.001,0,0.039,0,0.008,0,11.89,-5.395
10/27/2007 19:30,338,1.568,266.5,1.164,259.5,1.705,-5.52,0,0,0.039,0,0.009,0,11.89,-5.373
10/27/2007 19:40,339,1.387,257.9,1.406,261.4,1.774,-5.52,0.002,0,0.039,0,0.005,0,11.89,-5.352
10/27/2007 19:50,340,1.264,270.4,1.271,267.7,1.529,-5.53,0.002,0,0.04,0,0.01,0,11.89,-5.352
10/27/2007 20:00,341,1.401,297.6,1.402,282.2,1.823,-5.5,0.004,0,0.039,0,0.012,0,11.88,-5.33
10/27/2007 20:10,342,1.686,284.1,1.321,282.2,1.823,-5.481,0,0,0.04,0,0.008,0,11.88,-5.33
10/27/2007 20:20,343,1.362,284.3,1.422,279.3,1.744,-5.551,0,0,0.04,0,0.013,0,11.88,-5.307
10/27/2007 20:30,344,1.161,281.4,1.19,279.9,1.372,-5.542,0.002,0,0.04,0,0.012,0,11.88,-5.307
10/27/2007 20:40,345,1.249,276.7,1.226,283,1.602,-5.592,-0.003,0,0.04,0,0.005,0,11.88,-5.307
10/27/2007 20:50,346,1.166,294.4,1.221,282.9,1.632,-5.642,-0.007,0,0.04,0,0.013,0,11.88,-5.33
10/27/2007 21:00,347,0.921,286.8,1.293,291.3,1.754,-5.691,-0.005,0,0.04,0,0.018,0,11.88,-5.352
10/27/2007 21:10,348,0.98,294.4,1.162,296.3,1.509,-5.75,-0.007,0,0.04,0,0.019,0,11.88,-5.373
10/27/2007 21:20,349,0.358,294.9,0.667,296.3,1.053,-5.799,-0.012,0,0.04,0,0.018,0,11.87,-5.438
10/27/2007 21:30,350,0.338,281.7,0.434,286.7,0.588,-5.788,-0.012,0,0.04,0,0.012,0,11.87,-5.483
10/27/2007 21:40,351,0.372,281.9,0.422,281.8,0.593,-5.858,-0.011,0,0.04,0,0.007,0,11.86,-5.504
10/27/2007 21:50,352,0.289,276.7,0.293,278.3,0.446,-5.938,-0.011,0,0.04,0,0.005,0,11.86,-5.547
10/27/2007 22:00,353,0.382,276.3,0.286,276.7,0.441,-5.997,-0.012,0,0.04,0,0.008,0,11.86,-5.592
10/27/2007 22:10,354,0.367,264.3,0.417,265.4,0.564,-5.987,-0.011,0,0.04,0,0.01,0,11.86,-5.657
10/27/2007 22:20,355,0.387,264.5,0.409,264.6,0.524,-5.987,-0.011,0,0.04,0,0.012,0,11.86,-5.7
10/27/2007 22:30,356,0.495,279.4,0.528,272.8,0.897,-5.947,-0.012,0,0.04,0,0.013,0,11.86,-5.743
10/27/2007 22:40,357,0.715,288.7,0.736,287.1,0.936,-5.957,-0.014,0,0.04,0,0.013,0,11.86,-5.766
10/27/2007 22:50,358,0.843,305.8,0.843,297.9,1.205,-5.977,-0.017,0,0.04,0,0.015,0,11.85,-5.788
10/27/2007 23:00,359,0.853,302.5,0.91,302.6,1.073,-5.997,-0.015,0,0.04,0,0.015,0,11.85,-5.788
10/27/2007 23:10,360,0.505,314.9,0.59,311,0.779,-6.047,-0.016,0,0.04,0,0.016,0,11.85,-5.809
10/27/2007 23:20,361,0.485,320.9,0.472,318.2,0.613,-6.057,-0.017,0,0.04,0,0.015,0,11.85,-5.809
10/27/2007 23:30,362,0.363,329.4,0.425,325.4,0.559,-6.068,-0.013,0,0.04,0,0.015,0,11.85,-5.831
10/27/2007 23:40,363,0.127,329.3,0.209,329.3,0.323,-6.098,-0.013,0,0.04,0,0.012,0,11.85,-5.854
10/27/2007 23:50,364,0,329.3,0.036,329.4,0.23,-6.107,-0.017,0,0.04,0,0.013,0,11.84,-5.854
10/28/2007 0:00,365,0,329.2,0,0,0,-6.117,-0.015,0,0.04,0,0.013,0,11.84,-5.874
10/28/2007 0:10,366,0.328,259.2,0.064,260,0.392,-6.057,-0.016,0,0.04,0,0.013,0,11.84,-5.897
10/28/2007 0:20,367,0.186,266.5,0.34,261.3,0.441,-6.037,-0.02,0,0.041,0,0.013,0,11.84,-5.897
10/28/2007 0:30,368,0.715,261.3,0.553,259.2,0.931,-5.918,-0.016,0,0.04,0,0.013,0,11.84,-5.897
10/28/2007 0:40,369,0.505,259.9,0.766,268,1.093,-5.898,-0.015,0,0.04,0,0.011,0,11.84,-5.897
10/28/2007 0:50,370,0.711,253.6,0.737,256.5,1.014,-5.888,-0.014,0,0.04,0,0.012,0,11.84,-5.854
10/28/2007 1:00,371,0.417,233.1,0.525,244.1,0.794,-5.958,-0.015,0,0.041,0,0.012,0,11.84,-5.831
10/28/2007 1:10,372,0.5,231.8,0.436,232.1,0.559,-6.077,-0.02,0,0.04,0,0.011,0,11.83,-5.854
10/28/2007 1:20,373,0.519,232.5,0.489,232.4,0.559,-6.197,-0.02,0,0.04,0,0.012,0,11.83,-5.874
10/28/2007 1:30,374,0.568,234.2,0.569,241.6,0.715,-6.037,-0.021,0,0.041,0,0.013,0,11.83,-5.919
10/28/2007 1:40,375,0.534,215.6,0.563,226.9,0.706,-6.037,-0.02,0,0.041,0,0.013,0,11.83,-5.94
10/28/2007 1:50,376,0.764,238.6,0.64,219.5,0.897,-5.937,-0.016,0,0.042,0,0.014,0,11.83,-5.94
10/28/2007 2:00,377,1.005,239.2,0.831,244.3,1.264,-5.788,-0.014,0,0.041,0,0.014,0,11.83,-5.919
10/28/2007 2:10,378,0.603,242.6,0.743,242.6,0.97,-5.729,-0.013,0,0.041,0,0.014,0,11.83,-5.854
10/28/2007 2:20,379,0.367,227.6,0.463,240.7,0.588,-5.738,-0.013,0,0.041,0,0.013,0,11.82,-5.809
10/28/2007 2:30,380,0.539,217.7,0.505,222.1,0.652,-5.648,-0.012,0,0.041,0,0.015,0,11.82,-5.743
10/28/2007 2:40,381,0.598,218.7,0.656,220.8,0.936,-5.579,-0.012,0,0.041,0,0.015,0,11.82,-5.678
10/28/2007 2:50,382,0.559,248.8,0.578,238.9,0.764,-5.52,-0.013,0,0.041,0,0.016,0,11.82,-5.592
10/28/2007 3:00,383,0.451,233.7,0.46,243.4,0.613,-5.48,-0.016,0,0.041,0,0.016,0,11.81,-5.526
10/28/2007 3:10,384,0.387,247.7,0.478,251.8,0.642,-5.51,-0.028,0,0.039,0,0.013,0,11.81,-5.483
10/28/2007 3:20,385,0.421,228.7,0.413,236.9,0.485,-5.579,-0.027,0,0.038,0,0.013,0,11.81,-5.438
10/28/2007 3:30,386,0.363,227.3,0.336,227.4,0.51,-5.689,-0.027,0,0.038,0,0.012,0,11.81,-5.438
10/28/2007 3:40,387,0.686,218.9,0.482,219.5,0.686,-5.649,-0.026,0,0.038,0,0.012,0,11.81,-5.461
10/28/2007 3:50,388,0.622,220.5,0.618,219.1,0.696,-5.609,-0.029,0,0.038,0,0.012,0,11.81,-5.461
10/28/2007 4:00,389,0.559,240.2,0.66,236.6,0.946,-5.481,-0.03,0,0.037,0,0.02,0,11.81,-5.461
10/28/2007 4:10,390,0.583,239.7,0.482,238.3,0.598,-5.501,-0.025,0,0.038,0,0.015,0,11.8,-5.438
10/28/2007 4:20,391,0.421,265.8,0.607,261.6,1.009,-5.492,-0.017,0,0.037,0,0.014,0,11.8,-5.418
10/28/2007 4:30,392,0.519,295.2,0.474,269.2,0.701,-5.374,-0.005,0,0.037,0,0.012,0,11.8,-5.395
10/28/2007 4:40,393,0.495,254,0.546,272.2,0.711,-5.393,0,0,0.035,0,0.01,0,11.8,-5.352
10/28/2007 4:50,394,0.24,263.6,0.434,261.7,0.613,-5.441,-0.004,0,0.034,0,0.009,0,11.8,-5.307
10/28/2007 5:00,395,0.333,292.9,0.494,275.6,0.711,-5.52,0.002,0,0.035,0,0.011,0,11.8,-5.287
10/28/2007 5:10,396,0.235,286.3,0.263,286.1,0.421,-5.491,-0.004,0,0.033,0,0.012,0,11.79,-5.287
10/28/2007 5:20,397,0.568,277.3,0.416,279.5,0.657,-5.421,-0.009,0,0.031,0,0.007,0,11.79,-5.264
10/28/2007 5:30,398,0.456,267.7,0.561,271.5,0.774,-5.492,-0.011,0,0.028,0,0.008,0,11.79,-5.264
10/28/2007 5:40,399,0.564,241.7,0.555,258.2,0.657,-5.502,-0.01,0,0.027,0,0.012,0,11.79,-5.244
10/28/2007 5:50,400,0.382,241,0.529,249.9,0.691,-5.512,-0.012,0,0.025,0,0.008,0,11.79,-5.244
10/28/2007 6:00,401,0.568,246.4,0.599,241.7,0.735,-5.582,-0.01,0,0.023,0,0.003,0,11.79,-5.264
10/28/2007 6:10,402,0.333,251.3,0.497,255.5,0.627,-5.601,-0.012,0,0.022,0,0.009,0,11.79,-5.287
10/28/2007 6:20,403,0.284,266.7,0.463,270.1,0.568,-5.621,-0.008,0,0.025,0,0.008,0,11.79,-5.287
10/28/2007 6:30,404,0.01,272.9,0.257,272.8,0.436,-5.699,-0.009,0,0.026,0,0.005,0,11.79,-5.33
10/28/2007 6:40,405,0,273,0.033,273,0.162,-5.758,-0.009,0,0.026,0,0.006,0,11.78,-5.352
10/28/2007 6:50,406,0.25,213.1,0.067,240.6,0.25,-5.818,-0.004,0,0.028,0,0.006,0,11.78,-5.395
10/28/2007 7:00,407,0.01,213.4,0.105,213.3,0.25,-6.017,0.013,0,0.033,0,0.005,0,11.78,-5.461
10/28/2007 7:10,408,0,213.4,0.001,213.4,0.025,-6.167,0.017,0,0.04,0,0.005,0,11.78,-5.569
10/28/2007 7:20,409,0,213.4,0,0,0,-6.357,0.014,0,0.043,0,0.008,0,11.78,-5.7
10/28/2007 7:30,410,0,213.1,0,0,0,-6.527,0.017,0,0.044,0,0.009,0,11.78,-5.831
10/28/2007 7:40,411,0.412,154,0.148,160.3,0.431,-6.558,0.016,0,0.043,0,0.01,0,11.77,-5.962
10/28/2007 7:50,412,0.225,128.5,0.283,147.9,0.417,-6.619,0.02,0,0.042,0,0.012,0,11.77,-6.073
10/28/2007 8:00,413,0.323,145.2,0.288,132.1,0.348,-6.689,0.019,0,0.039,0,0.012,0,11.77,-6.182
10/28/2007 8:10,414,0.598,139.3,0.397,138,0.617,-6.912,0.021,0,0.041,0,0.014,0,11.77,-6.292
10/28/2007 8:20,415,0.314,140.1,0.41,145.1,0.549,-6.921,0.023,0,0.041,0,0.014,0,11.77,-6.401
10/28/2007 8:30,416,0.426,147.9,0.346,140.3,0.426,-7.002,0.021,0,0.041,0,0.015,0,11.77,-6.511
10/28/2007 8:40,417,0.529,149.9,0.502,149.5,0.554,-7.226,0.021,0,0.04,0,0.018,0,11.77,-6.642
10/28/2007 8:50,418,0.417,148.7,0.468,149.3,0.544,-7.256,0.023,0,0.04,0,0.018,0,11.76,-6.776
10/28/2007 9:00,419,0.397,143.9,0.394,148.3,0.441,-7.348,0.021,0,0.04,0,0.019,0,11.76,-6.929
10/28/2007 9:10,420,0.407,144.8,0.425,138.2,0.48,-7.51,0.018,0,0.04,0,0.018,0,11.76,-7.063
10/28/2007 9:20,421,0.466,144.8,0.433,143.8,0.49,-7.632,0.016,0,0.039,0,0.015,0,11.76,-7.216
10/28/2007 9:30,422,0.426,147.6,0.426,147,0.456,-7.797,0.017,0,0.039,0,0.018,0,11.76,-7.35
10/28/2007 9:40,423,0.157,138.4,0.346,146.2,0.441,-7.725,0.022,0,0.041,0,0.018,0,11.75,-7.483
10/28/2007 9:50,424,0,135.9,0.083,135.9,0.25,-7.623,0.018,0,0.041,0,0.019,0,11.75,-7.571
10/28/2007 10:00,425,0,135.6,0,0,0,-7.228,0.013,0,0.039,0,0.015,0,11.75,-7.639
10/28/2007 10:10,426,0,135.5,0,0,0,-6.622,0.014,0,0.038,0,0.013,0,11.75,-7.594
10/28/2007 10:20,427,0,135.7,0,0,0,-7.226,0.019,0,0.039,0,0.017,0,11.75,-7.505
10/28/2007 10:30,428,0,135.6,0,0,0,-6.983,0.017,0,0.038,0,0.016,0,11.74,-7.415
10/28/2007 10:40,429,0,135.5,0,0,0,-6.851,0.018,0,0.038,0,0.015,0,11.74,-7.327
10/28/2007 10:50,430,0,135.6,0,0,0,-6.418,0.014,0,0.038,0,0.011,0,11.74,-7.194
10/28/2007 11:00,431,0,135.8,0,0,0,-6.902,0.013,0,0.039,0,0.016,0,11.74,-7.04
10/28/2007 11:10,432,0,135.6,0,0,0,-7.073,0.013,0,0.039,0,0.013,0,11.74,-6.952
10/28/2007 11:20,433,0,128,0,0,0,-6.892,0.013,0,0.037,0,0.012,0,11.73,-6.864
10/28/2007 11:30,434,0,127.6,0,0,0,-7.369,0.024,0,0.04,0,0.015,0,11.73,-6.841
10/28/2007 11:40,435,0.534,128.2,0.429,127.8,0.544,-7.745,0.016,0,0.041,0,0.016,0,11.73,-6.864
10/28/2007 11:50,436,0.549,132.3,0.543,130.3,0.559,-7.705,0.012,0,0.039,0,0.016,0,11.73,-6.907
10/28/2007 12:00,437,0.514,124.7,0.546,126.7,0.578,-7.634,0.016,0,0.04,0,0.015,0,11.73,-6.972
10/28/2007 12:10,438,0.377,134.4,0.362,132.3,0.485,-7.684,0.012,0,0.039,0,0.016,0,11.73,-6.995
10/28/2007 12:20,439,0.289,124.2,0.414,128.1,0.5,-6.903,0.029,0,0.038,0,0.013,0,11.72,-7.017
10/28/2007 12:30,440,0.387,126,0.322,124.8,0.407,-7.288,0.011,0,0.042,0,0.014,0,11.71,-6.995
10/28/2007 12:40,441,0.255,113.9,0.335,124.8,0.412,-6.602,0.016,0,0.034,0,0.007,0,11.71,-6.907
10/28/2007 12:50,442,0.078,106.5,0.169,108.9,0.294,-6.17,0.018,0,0.033,0,0.007,0,11.7,-6.796
10/28/2007 13:00,443,0,106.5,0.096,106.5,0.245,-6.119,0.015,0,0.034,0,0.007,0,11.7,-6.688
10/28/2007 13:10,444,0.309,88.2,0.162,90.2,0.318,-6.239,0.006,0,0.03,0,0.006,0,11.7,-6.554
10/28/2007 13:20,445,0.417,77.08,0.428,84.3,0.627,-7.084,0.011,0,0.032,0,0.01,0,11.69,-6.489
10/28/2007 13:30,446,0.372,83.2,0.453,82.6,0.627,-6.489,0.012,0,0.032,0,0.007,0,11.69,-6.511
10/28/2007 13:40,447,0.519,85.9,0.44,85.5,0.519,-7.735,0.027,0,0.034,0,0.01,0,11.7,-6.599
10/28/2007 13:50,448,0.093,250.5,0.278,90.7,0.519,-7.074,0.011,0,0.038,0,0.015,0,11.7,-6.731
10/28/2007 14:00,449,0,322,0.06,305.6,0.284,-6.862,0.006,0,0.036,0,0.011,0,11.69,-6.776
10/28/2007 14:10,450,0,322.1,0,0,0,-6.812,0.014,0,0.032,0,0.007,0,11.69,-6.731
10/28/2007 14:20,451,0.064,106.3,0.009,106.2,0.093,-6.903,0.021,0,0.035,0,0.009,0,11.68,-6.599
10/28/2007 14:30,452,0.461,91.8,0.145,103.5,0.466,-7.145,0.013,0,0.038,0,0.012,0,11.67,-6.378
10/28/2007 14:40,453,0.818,103,0.65,104,0.823,-7.633,0.014,0,0.037,0,0.013,0,11.67,-6.313
10/28/2007 14:50,454,0.882,110,0.841,106,0.907,-7.939,0.014,0,0.038,0,0.014,0,11.69,-6.511
10/28/2007 15:00,455,0.823,108.6,0.906,108.8,1,-8.03,0.022,0,0.037,0,0.013,0,11.7,-6.864
10/28/2007 15:10,456,0.955,118.9,0.831,116.4,0.97,-8.22,0.015,0,0.041,0,0.017,0,11.7,-7.194
10/28/2007 15:20,457,1.005,115.6,0.887,119.3,1.024,-8.01,0.011,0,0.04,0,0.015,0,11.7,-7.483
10/28/2007 15:30,458,0.946,120.7,0.928,120.2,1.063,-7.9,0.017,0,0.041,0,0.017,0,11.7,-7.659
10/28/2007 15:40,459,0.955,127.9,0.908,117.3,1.029,-7.634,0.014,0,0.041,0,0.016,0,11.7,-7.772
10/28/2007 15:50,460,1.088,120.6,0.991,117.9,1.088,-7.551,0.017,0,0.04,0,0.017,0,11.69,-7.795
10/28/2007 16:00,461,1.156,122.8,1.075,117.4,1.176,-7.541,0.014,0,0.041,0,0.017,0,11.69,-7.772
10/28/2007 16:10,462,1.063,114.4,1.033,124,1.137,-7.571,0.013,0,0.041,0,0.017,0,11.69,-7.772
10/28/2007 16:20,463,0.946,129.7,0.945,122,1.039,-7.631,0.016,0,0.041,0,0.017,0,11.69,-7.772
10/28/2007 16:30,464,0.363,184.7,0.574,159.4,0.98,-7.867,0.017,0,0.039,0,0.017,0,11.69,-7.795
10/28/2007 16:40,465,1.122,122.3,0.614,147.7,1.152,-7.306,0.011,0,0.042,0,0.018,0,11.69,-7.838
10/28/2007 16:50,466,1.323,125.5,1.297,125.9,1.406,-7.265,0.017,0,0.042,0,0.018,0,11.69,-7.815
10/28/2007 17:00,467,1.348,132.1,1.386,128.9,1.509,-7.022,0.014,0,0.042,0,0.017,0,11.68,-7.749
10/28/2007 17:10,468,1.514,129.6,1.449,126.7,1.632,-6.992,0.017,0,0.042,0,0.018,0,11.68,-7.682
10/28/2007 17:20,469,1.519,112.4,1.503,119.3,1.656,-7.195,0.016,0,0.042,0,0.017,0,11.68,-7.616
10/28/2007 17:30,470,1.725,124.4,1.534,119.5,1.725,-7.044,0.017,0,0.042,0,0.017,0,11.68,-7.548
10/28/2007 17:40,471,2.014,126.2,1.772,132.1,2.083,-6.832,0.011,0,0.041,0,0.017,0,11.68,-7.505
10/28/2007 17:50,472,1.935,140.6,2.015,135.3,2.254,-6.631,0.012,0,0.041,0,0.019,0,11.68,-7.46
10/28/2007 18:00,473,2.22,142.8,1.906,137.8,2.22,-6.46,0.01,0,0.04,0,0.019,0,11.68,-7.415
10/28/2007 18:10,474,2.19,137.9,2.15,132.6,2.416,-6.46,0.01,0,0.041,0,0.019,0,11.67,-7.35
10/28/2007 18:20,475,1.994,127.1,2.127,127.7,2.381,-6.601,0.005,0,0.041,0,0.017,0,11.67,-7.304
10/28/2007 18:30,476,2.23,123.4,2.292,126.1,2.499,-6.832,0.022,0,0.042,0,0.017,0,11.67,-7.304
10/28/2007 18:40,477,2.685,124.7,2.54,123.8,2.754,-6.964,0.005,0,0.042,0,0.018,0,11.67,-7.372
10/28/2007 18:50,478,2.332,113.7,2.423,122,2.69,-7.227,-0.003,0,0.041,0,0.017,0,11.67,-7.46
10/28/2007 19:00,479,2.729,113.2,2.592,118.3,2.852,-7.45,0.014,0,0.04,0,0.017,0,11.66,-7.594
10/28/2007 19:10,480,3.023,101.8,2.846,111.1,3.17,-7.868,0.003,0,0.038,0,0.016,0,11.66,-7.749
10/28/2007 19:20,481,2.965,118.2,2.876,115.7,3.273,-7.542,0.002,0,0.041,0,0.016,0,11.66,-7.905
10/28/2007 19:30,482,1.744,110.1,2.443,114.2,3.043,-7.674,-0.005,0,0.039,0,0.015,0,11.66,-8.02
10/28/2007 19:40,483,0.578,186.2,0.727,163,1.769,-8.24,0.037,0,0.039,0,0.018,0,11.66,-8.15
10/28/2007 19:50,484,0,214.7,0.091,196.8,0.593,-8.43,-0.011,0,0.043,0,0.017,0,11.66,-8.35
10/28/2007 20:00,485,0.554,189.4,0.102,183.6,0.784,-8.42,-0.015,0,0.037,0,0.017,0,11.65,-8.62
10/28/2007 20:10,486,0.946,134.1,1.233,174.9,2.548,-8.42,-0.044,0,0.038,0,0.015,0,11.65,-8.78
10/28/2007 20:20,487,3.695,102,2.491,114.4,3.695,-8.33,-0.047,0,0.039,0,0.014,0,11.65,-8.92
10/28/2007 20:30,488,3.91,102.5,3.835,102,4.307,-8.33,-0.044,0,0.04,0,0.015,0,11.65,-8.96
10/28/2007 20:40,489,3.91,112.2,3.92,103.8,4.199,-8.45,-0.037,0,0.041,0,0.015,0,11.66,-8.96
10/28/2007 20:50,490,3.401,122.7,3.557,114,4.15,-8.07,-0.043,0,0.04,0,0.016,0,11.65,-8.94
10/28/2007 21:00,491,1.833,162.7,2.935,126.5,3.891,-7.834,-0.042,0,0.04,0,0.017,0,11.65,-8.89
10/28/2007 21:10,492,0.622,198.9,0.812,178,1.754,-8.34,-0.045,0,0.039,0,0.018,0,11.64,-8.82
10/28/2007 21:20,493,0.98,154,0.617,185.1,1.063,-8.27,-0.041,0,0.042,0,0.02,0,11.64,-8.82
10/28/2007 21:30,494,0.951,164.3,1.218,165.1,1.617,-8.01,-0.045,0,0.042,0,0.018,0,11.64,-8.82
10/28/2007 21:40,495,2.538,142.3,2.213,132.2,2.891,-7.244,-0.019,0,0.04,0,0.016,0,11.64,-8.76
10/28/2007 21:50,496,2.548,135.5,2.358,134.6,2.935,-7.041,-0.021,0,0.041,0,0.016,0,11.64,-8.62
10/28/2007 22:00,497,2.43,125,2.82,130.3,3.249,-7,-0.011,0,0.041,0,0.016,0,11.64,-8.44
10/28/2007 22:10,498,3.337,116.3,3.114,123.9,3.822,-6.98,-0.009,0,0.041,0,0.016,0,11.64,-8.28
10/28/2007 22:20,499,3.763,115.4,3.421,120.7,3.763,-6.92,-0.011,0,0.041,0,0.015,0,11.63,-8.13
10/28/2007 22:30,500,3.685,117.2,3.586,116.3,3.954,-6.86,-0.01,0,0.041,0,0.015,0,11.63,-7.973
10/28/2007 22:40,501,3.675,130.5,3.462,118.3,3.866,-6.982,-0.002,0,0.041,0,0.016,0,11.63,-7.86
10/28/2007 22:50,502,4.018,110.4,4,117.3,4.474,-7.073,-0.007,0,0.041,0,0.016,0,11.63,-7.772
10/28/2007 23:00,503,3.513,119.1,3.664,119.6,4.111,-7.083,0.001,0,0.041,0,0.015,0,11.63,-7.704
10/28/2007 23:10,504,4.204,114.8,3.832,118.3,4.346,-7.033,-0.004,0,0.042,0,0.014,0,11.63,-7.659
10/28/2007 23:20,505,3.9,113.6,4.066,116.3,4.665,-7.257,0.006,0,0.042,0,0.016,0,11.63,-7.639
10/28/2007 23:30,506,4.601,112.9,4.269,112.1,4.782,-6.752,0.002,0,0.043,0,0.016,0,11.62,-7.616
10/28/2007 23:40,507,4.366,103.5,4.533,105.2,4.983,-6.993,0.003,0,0.041,0,0.014,0,11.62,-7.571
10/28/2007 23:50,508,4.488,106.7,4.61,106.6,5.062,-7.013,0.007,0,0.041,0,0.016,0,11.62,-7.526
10/29/2007 0:00,509,3.043,112.9,3.653,109.4,4.356,-7.205,0.008,0,0.043,0,0.017,0,11.62,-7.505
10/29/2007 0:10,510,4.964,101.7,4.406,105.1,5.228,-7.014,0.011,0,0.043,0,0.015,0,11.62,-7.505
10/29/2007 0:20,511,4.591,97.1,4.417,103.5,5.032,-7.277,0.009,0,0.042,0,0.016,0,11.61,-7.483
10/29/2007 0:30,512,4.557,122.4,4.223,111.2,5.645,-7.095,0.004,0,0.042,0,0.015,0,11.61,-7.505
10/29/2007 0:40,513,4.954,102,4.141,112.2,4.954,-7.227,0.004,0,0.042,0,0.015,0,11.61,-7.505
10/29/2007 0:50,514,4.327,115.7,4.368,109.1,4.88,-7.125,0.003,0,0.043,0,0.016,0,11.61,-7.526
10/29/2007 1:00,515,1.877,138.5,2.673,148.6,4.866,-7.217,-0.005,0,0.042,0,0.018,0,11.61,-7.548
10/29/2007 1:10,516,4.243,107.4,3.503,115.1,4.459,-6.954,-0.006,0,0.043,0,0.019,0,11.61,-7.594
10/29/2007 1:20,517,3.719,114,4.036,111.3,4.92,-6.994,-0.012,0,0.042,0,0.017,0,11.61,-7.594
10/29/2007 1:30,518,4.533,116.2,4.018,116.2,4.709,-7.004,-0.008,0,0.043,0,0.018,0,11.61,-7.594
10/29/2007 1:40,519,3.504,110.8,4.157,118.4,5.037,-7.086,-0.012,0,0.041,0,0.017,0,11.6,-7.594
10/29/2007 1:50,520,3.66,110.1,3.992,119.2,4.827,-7.127,-0.01,0,0.044,0,0.019,0,11.6,-7.616
10/29/2007 2:00,521,3.219,116.4,3.64,114.1,4.136,-7.381,-0.01,0,0.041,0,0.017,0,11.6,-7.659
10/29/2007 2:10,522,3.729,123.9,3.673,111.9,4.43,-7.493,-0.014,0,0.043,0,0.018,0,11.6,-7.749
10/29/2007 2:20,523,2.533,178.6,3.032,132.7,3.773,-8.7,-0.022,0,0.038,0,0.012,0,11.6,-7.905
10/29/2007 2:30,524,2.038,141,2.06,161.3,3.175,-8.95,-0.041,0,0.043,0,0.017,0,11.6,-8.22
10/29/2007 2:40,525,1.95,116.6,3.003,123.6,3.783,-8.15,-0.044,0,0.041,0,0.014,0,11.6,-8.6
10/29/2007 2:50,526,1.965,129.9,2.908,132.9,3.886,-9.01,-0.031,0,0.045,0,0.022,0,11.6,-8.85
10/29/2007 3:00,527,2.622,172.5,2.332,143.4,3.043,-9.97,-0.003,0,0.04,0,0.012,0,11.6,-9.1
10/29/2007 3:10,528,2.475,167.9,2.905,165.2,3.641,-10.71,-0.007,0,0.04,0,0.013,0,11.6,-9.46
10/29/2007 3:20,529,2.524,112.4,2.27,136.2,3.229,-9.86,-0.004,0,0.041,0,0.012,0,11.6,-9.94
10/29/2007 3:30,530,3.474,119.3,3.179,118.4,3.773,-9.88,0.008,0,0.045,0,0.016,0,11.6,-10.35
10/29/2007 3:40,531,2.538,115,3.205,117.6,3.597,-9.97,-0.003,0,0.039,0,0.014,0,11.59,-10.65
10/29/2007 3:50,532,3.43,117.1,2.763,118.5,3.43,-10.43,0.005,0,0.043,0,0.016,0,11.59,-10.95
10/29/2007 4:00,533,3.425,112.2,2.939,117.2,3.798,-10.5,0.002,0,0.042,0,0.014,0,11.59,-11.25
10/29/2007 4:10,534,3.146,125.1,2.932,120.4,3.553,-11.02,0.003,0,0.041,0,0.016,0,11.59,-11.49
10/29/2007 4:20,535,2.832,123.8,2.932,124.3,3.548,-10.99,0.003,0,0.044,0,0.016,0,11.59,-11.75
10/29/2007 4:30,536,2.71,124.3,2.98,126.6,3.44,-11.31,0.001,0,0.042,0,0.017,0,11.59,-11.96
10/29/2007 4:40,537,2.239,164.7,2.415,152.2,3.121,-12.62,0.007,0,0.039,0,0.012,0,11.59,-12.15
10/29/2007 4:50,538,3.538,123.2,2.723,134.5,3.704,-10.2,0,0,0.04,0,0.014,0,11.58,-12.43
10/29/2007 5:00,539,3.342,124.1,3.064,124.6,3.905,-10.63,0.008,0,0.043,0,0.014,0,11.58,-12.53
10/29/2007 5:10,540,3.283,140.6,2.63,132.5,3.357,-10.5,0.004,0,0.044,0,0.017,0,11.58,-12.55
10/29/2007 5:20,541,3.317,131.5,2.552,134.1,3.317,-11.31,-0.004,0,0.039,0,0.022,0,11.58,-12.58
10/29/2007 5:30,542,2.332,142.8,2.712,136.4,3.273,-11.25,-0.002,0,0.038,0,0.018,0,11.58,-12.6
10/29/2007 5:40,543,2.381,130.3,2.483,135.5,2.622,-11.26,-0.034,0,0.039,0,0.017,0,11.58,-12.69
10/29/2007 5:50,544,2.573,131.4,2.455,129.6,2.656,-11.44,-0.049,0,0.036,0,0.015,0,11.57,-12.81
10/29/2007 6:00,545,3.553,141.3,3.354,131.2,4.023,-10.62,0.015,0,0.043,0,0.024,0,11.57,-12.93
10/29/2007 6:10,546,2.661,173,3.679,153.7,4.288,-9.97,0.003,0,0.034,0,0.007,0,11.57,-12.74
10/29/2007 6:20,547,3.989,127.4,3.524,132.4,4.278,-9.56,0.009,0,0.043,0,0.015,0,11.57,-12.5
10/29/2007 6:30,548,4.474,119.8,4.173,118.2,4.474,-9.73,0.01,0,0.042,0,0.016,0,11.57,-12.29
10/29/2007 6:40,549,3.788,120.8,4.14,118.7,4.464,-10.54,0.008,0,0.039,0,0.014,0,11.57,-12.08
10/29/2007 6:50,550,3.974,137.5,3.782,120.3,4.351,-10.52,0.009,0,0.042,0,0.019,0,11.57,-11.98
10/29/2007 7:00,551,2.484,140.1,3.239,147.1,4.611,-10.11,0.015,0,0.042,0,0.024,0,11.57,-11.93
10/29/2007 7:10,552,2.45,127.6,2.371,135.1,2.837,-10.51,0.012,0,0.037,0,0.012,0,11.57,-11.91
10/29/2007 7:20,553,3.391,147.6,2.912,132.6,3.391,-10.44,0.008,0,0.04,0,0.016,0,11.57,-12.01
10/29/2007 7:30,554,3.116,131.7,2.974,138.6,3.494,-10.58,0.011,0,0.041,0,0.02,0,11.57,-12.03
10/29/2007 7:40,555,2.759,128.3,2.891,132.6,3.298,-10.66,0.012,0,0.039,0,0.019,0,11.56,-12.05
10/29/2007 7:50,556,3.322,122.6,3.022,127,3.518,-10.5,0.009,0,0.044,0,0.016,0,11.56,-12.12
10/29/2007 8:00,557,3.131,112.2,2.856,119.3,3.474,-9.8,-0.007,0,0.041,0,0.013,0,11.56,-12.2
10/29/2007 8:10,558,2.93,118.4,2.862,113.8,3.224,-9.69,-0.041,0,0.042,0,0.017,0,11.56,-12.2
10/29/2007 8:20,559,1.989,136.3,2.456,120.7,2.886,-10.39,-0.052,0,0.035,0,0.015,0,11.56,-12.2
10/29/2007 8:30,560,2.205,129.8,2.28,130.1,2.533,-11.8,-0.043,0,0.038,0,0.014,0,11.56,-12.31
10/29/2007 8:40,561,2.146,116.7,2.239,119.9,2.357,-10.5,-0.024,0,0.035,0,0.005,0,11.56,-12.58
10/29/2007 8:50,562,1.72,128.7,2.224,113.9,2.646,-12.07,-0.014,0,0.036,0,0.013,0,11.56,-12.74
10/29/2007 9:00,563,0.946,123.8,1.675,126,2.156,-9.47,-0.014,0,0.035,0,0.007,0,11.56,-12.98
10/29/2007 9:10,564,1.588,128.4,1.201,121.9,1.593,-11.49,0.003,0,0.038,0,0.003,0,11.56,-13.22
10/29/2007 9:20,565,1.387,133.4,1.207,139.3,1.803,-10.65,-0.001,0,0.037,0,0.008,0,11.56,-13.52
10/29/2007 9:30,566,1.607,134.6,1.633,135.5,1.96,-11.7,0.003,0,0.041,0,0.014,0,11.56,-13.81
10/29/2007 9:40,567,2.269,140.2,2.204,135.2,2.553,-12.13,-0.003,0,0.035,0,0.013,0,11.56,-14.08
10/29/2007 9:50,568,2.426,135.2,2.193,145.2,2.465,-11.25,-0.007,0,0.035,0,0.015,0,11.54,-14.15
10/29/2007 10:00,569,2.117,141.8,2.232,142.1,2.46,-10.58,-0.016,0,0.03,0,0.009,0,11.53,-13.95
10/29/2007 10:10,570,1.906,135.4,1.962,142.8,2.352,-9.63,-0.012,0,0.032,0,0.006,0,11.52,-13.61
10/29/2007 10:20,571,1.147,161.2,1.594,148.5,2.092,-8.19,-0.029,0,0.014,0,-0.005,0,11.51,-13.13
10/29/2007 10:30,572,1.225,127.9,1.185,145.5,1.318,-8.75,-0.012,0,0.029,0,0,0,11.51,-12.72
10/29/2007 10:40,573,0.593,120.7,0.741,121.2,1.245,-6.544,-0.022,0,0.013,0,-0.021,0,11.5,-12.31
10/29/2007 10:50,574,1.23,90.7,0.825,104,1.235,-6.583,-0.015,0,0.015,0,-0.016,0,11.5,-11.72
10/29/2007 11:00,575,1.186,73.93,1.158,83.4,1.357,-6.433,-0.018,0,0.013,0,-0.014,0,11.49,-10.93
10/29/2007 11:10,576,0.529,47.63,0.914,69.65,1.313,-6.636,-0.027,0,0.022,0,-0.008,0,11.49,-10.28
10/29/2007 11:20,577,1.254,54.88,0.822,50.89,1.254,-6.607,-0.032,0,0.015,0,-0.01,0,11.49,-9.69
10/29/2007 11:30,578,1.058,50.7,1.157,51.09,1.406,-6.96,-0.032,0,0.021,0,-0.007,0,11.48,-9.16
10/29/2007 11:40,579,1.249,57.28,0.82,49.47,1.249,-7.163,-0.024,0,0.019,0,-0.008,0,11.48,-8.69
10/29/2007 11:50,580,0.764,42.91,0.854,44.74,1.318,-7.324,-0.023,0,0.023,0,-0.007,0,11.47,-8.28
10/29/2007 12:00,581,0.818,31.2,0.891,57.46,1.284,-7.915,-0.018,0,0.038,0,0.008,0,11.46,-7.928
10/29/2007 12:10,582,0,93,0.339,354.1,0.843,-7.731,-0.028,0,0.022,0,-0.002,0,11.46,-7.639
10/29/2007 12:20,583,0.265,58.36,0.504,68.58,0.902,-8.1,-0.007,0,0.028,0,-0.001,0,11.45,-7.395
10/29/2007 12:30,584,0.5,49.77,0.706,72.39,1.249,-7.774,-0.002,0,0.035,0,0.007,0,11.45,-7.194
10/29/2007 12:40,585,0.431,172.8,0.555,137.5,1.201,-9.34,-0.008,0,0.032,0,0.01,0,11.45,-7.063
10/29/2007 12:50,586,0.554,97.3,1.075,140.9,1.622,-9.1,-0.044,0,0.035,0,0.007,0,11.44,-7.194
10/29/2007 13:00,587,1.22,158.6,1.6,143.1,2.058,-10.49,-0.028,0,0.038,0,0.012,0,11.45,-7.35
10/29/2007 13:10,588,2.426,147.8,1.904,151.4,2.426,-10.68,-0.031,0,0.036,0,0.008,0,11.46,-7.795
10/29/2007 13:20,589,1.808,134.5,2.091,138.1,2.372,-10.03,-0.028,0,0.033,0,0.006,0,11.45,-8.24
10/29/2007 13:30,590,1.152,113.5,1.641,124.2,1.97,-7.857,-0.02,0,0.03,0,0,0,11.46,-8.46
10/29/2007 13:40,591,1.181,128.9,1.319,125.1,1.764,-8.28,-0.02,0,0.034,0,0.003,0,11.46,-8.53
10/29/2007 13:50,592,1.509,114.7,1.261,123.5,1.754,-8.55,-0.024,0,0.029,0,-0.001,0,11.46,-8.69
10/29/2007 14:00,593,0.936,115,1.334,115.7,1.632,-7.264,-0.01,0,0.03,0,-0.001,0,11.45,-8.69
10/29/2007 14:10,594,0.662,132.5,1.331,119,2.195,-7.325,-0.007,0,0.033,0,0.003,0,11.45,-8.55
10/29/2007 14:20,595,1.416,125.8,0.99,139.3,1.441,-9.14,-0.009,0,0.034,0,0.006,0,11.44,-8.49
10/29/2007 14:30,596,0.857,101.9,1.113,105.3,1.529,-6.617,-0.031,0,0.021,0,-0.011,0,11.44,-8.49
10/29/2007 14:40,597,1.71,102,1.261,125.3,2.185,-9.62,-0.014,0,0.034,0,0.012,0,11.44,-8.4
10/29/2007 14:50,598,0.872,121.8,1.196,114.1,1.72,-6.788,-0.013,0,0.026,0,-0.003,0,11.44,-8.53
10/29/2007 15:00,599,0.436,104.5,0.519,105.9,1.152,-6.919,-0.014,0,0.022,0,-0.009,0,11.44,-8.4
10/29/2007 15:10,600,0.451,106.4,0.769,109.2,1.313,-6.657,-0.013,0,0.024,0,-0.006,0,11.44,-8.24
10/29/2007 15:20,601,1.191,120.6,0.637,111.2,1.191,-8.26,-0.021,0,0.027,0,-0.003,0,11.44,-8.15
10/29/2007 15:30,602,0.701,119.5,0.858,118.7,1.254,-8.09,-0.016,0,0.033,0,-0.002,0,11.44,-8.28
10/29/2007 15:40,603,1.259,125.5,1.174,128.4,1.877,-11.29,0.004,0,0.03,0,0,0,11.45,-8.62
10/29/2007 15:50,604,1.666,132.2,1.308,130.4,1.666,-9.96,-0.02,0,0.03,0,0.005,0,11.45,-9.14
10/29/2007 16:00,605,1.666,129.4,1.42,142.2,1.73,-10.14,-0.013,0,0.035,0,0.008,0,11.47,-9.69
10/29/2007 16:10,606,1.053,173.4,1.29,153.5,1.69,-10.27,-0.014,0,0.025,0,0.012,0,11.48,-10.37
10/29/2007 16:20,607,1.534,128.1,1.229,148.1,1.534,-9.29,-0.019,0,0.036,0,0.001,0,11.48,-11.02
10/29/2007 16:30,608,1.23,114.6,1.424,132.6,1.867,-9.75,-0.002,0,0.036,0,0.008,0,11.48,-11.53
10/29/2007 16:40,609,2.127,131.4,1.372,120.2,2.283,-10.76,-0.012,0,0.035,0,0.012,0,11.48,-11.96
10/29/2007 16:50,610,1.965,135.1,1.998,130,2.568,-10.46,0.002,0,0.037,0,0.018,0,11.48,-12.31
10/29/2007 17:00,611,2.396,138.3,1.992,139.8,2.563,-11.97,0.001,0,0.038,0,0.021,0,11.48,-12.65
10/29/2007 17:10,612,2.622,145,2.33,135.3,2.817,-12.39,0,0,0.036,0,0.018,0,11.48,-12.98
10/29/2007 17:20,613,2.195,129.9,2.277,136.8,2.514,-11.33,-0.01,0,0.035,0,0.009,0,11.48,-13.22
10/29/2007 17:30,614,1.588,135.1,2.036,126.1,2.416,-9.62,-0.015,0,0.035,0,0.007,0,11.48,-13.42
10/29/2007 17:40,615,2.381,128.7,2.103,130,2.808,-12.24,0.007,0,0.039,0,0.016,0,11.48,-13.61
10/29/2007 17:50,616,1.906,132,2.296,134.8,2.524,-9.74,-0.02,0,0.034,0,0.008,0,11.48,-13.81
10/29/2007 18:00,617,1.813,121.4,1.708,125.3,1.882,-9.1,-0.023,0,0.028,0,0.002,0,11.48,-13.86
10/29/2007 18:10,618,1.98,121.2,1.629,126.5,2.127,-10.26,-0.013,0,0.036,0,0.007,0,11.48,-13.78
10/29/2007 18:20,619,2.136,120,1.671,125.6,2.592,-11.38,-0.037,0,0.04,0,0.011,0,11.48,-13.81
10/29/2007 18:30,620,2.47,130,2.36,135.9,2.617,-11.97,0.006,0,0.034,0,0.011,0,11.48,-13.86
10/29/2007 18:40,621,2.166,130,2.434,135.6,2.568,-11.4,-0.008,0,0.04,0,0.013,0,11.48,-13.88
10/29/2007 18:50,622,2.146,135.9,2.044,131.3,2.391,-11.77,-0.025,0,0.041,0,0.02,0,11.48,-13.93
10/29/2007 19:00,623,1.357,118.7,2.008,125.4,2.455,-8.28,-0.017,0,0.025,0,-0.005,0,11.48,-14
10/29/2007 19:10,624,1.602,137.9,1.802,124.2,2.636,-11.65,0.004,0,0.032,0,0.012,0,11.48,-13.88
10/29/2007 19:20,625,1.931,160.5,1.672,142.9,2.136,-10.32,-0.016,0,0.037,0,0.016,0,11.47,-13.76
10/29/2007 19:30,626,1.852,159.8,1.842,165.6,2.489,-10.17,-0.008,0,0.03,0,0.006,0,11.47,-13.54
10/29/2007 19:40,627,2.514,124.6,1.964,150.9,2.95,-11.71,-0.006,0,0.04,0,0.016,0,11.48,-13.34
10/29/2007 19:50,628,2.548,153.3,2.541,150.8,3.293,-11.46,0.012,0,0.036,0,0.011,0,11.47,-13.32
10/29/2007 20:00,629,1.94,142,2.516,147.7,3.053,-11.38,0.01,0,0.037,0,0.017,0,11.47,-13.32
10/29/2007 20:10,630,2.911,133.7,2.486,137.5,2.911,-10.65,-0.011,0,0.038,0,0.015,0,11.47,-13.3
10/29/2007 20:20,631,2.47,122.7,2.47,135.6,3.033,-10.32,-0.017,0,0.037,0,0.014,0,11.47,-13.27
10/29/2007 20:30,632,2.455,144.6,2.345,131.2,2.675,-10.85,0.009,0,0.037,0,0.012,0,11.47,-13.2
10/29/2007 20:40,633,2.298,133.3,2.22,138.2,2.783,-10.45,0.006,0,0.039,0,0.016,0,11.47,-13.15
10/29/2007 20:50,634,2.465,145.1,2.486,142.7,3.219,-10.44,0.012,0,0.038,0,0.019,0,11.47,-13.08
10/29/2007 21:00,635,2.607,167,2.581,148.8,3.072,-10.96,-0.009,0,0.032,0,0.006,0,11.47,-12.93
10/29/2007 21:10,636,2.225,140.8,2.511,143.1,2.92,-10.15,0.006,0,0.038,0,0.019,0,11.47,-12.93
10/29/2007 21:20,637,0.725,176,1.741,156.5,2.612,-9.96,-0.009,0,0.027,0,0.004,0,11.46,-12.81
10/29/2007 21:30,638,4.312,116.3,2.928,136.9,4.346,-10.04,-0.026,0,0.039,0,0.015,0,11.46,-12.72
10/29/2007 21:40,639,1.494,182.4,3.508,125.2,4.498,-9.54,-0.032,0,0.028,0,0.013,0,11.46,-12.53
10/29/2007 21:50,640,2.822,150.4,2.556,175,3.185,-9.28,-0.024,0,0.037,0,0.009,0,11.46,-12.31
10/29/2007 22:00,641,2.043,143.9,2.498,150.3,3.063,-8.09,-0.03,0,0.033,0,0.014,0,11.46,-12.05
10/29/2007 22:10,642,2.406,190.5,1.984,165.1,2.96,-9.09,-0.015,0,0.041,0,0.015,0,11.45,-11.77
10/29/2007 22:20,643,2.867,190.8,2.286,171.6,3.357,-9.33,-0.025,0,0.038,0,0.011,0,11.46,-11.56
10/29/2007 22:30,644,2.377,151.1,2.625,174.5,4.023,-6.667,-0.001,0,0.032,0,0.015,0,11.45,-11.42
10/29/2007 22:40,645,2.396,185.8,2.113,188.8,3.17,-9.13,-0.035,0,0.032,0,0.002,0,11.45,-11.11
10/29/2007 22:50,646,3.048,201,2.522,195.6,3.298,-8.91,-0.016,0,0.049,0,0.017,0,11.45,-11.09
10/29/2007 23:00,647,1.544,223.6,2.117,208.8,3.832,-7.266,-0.011,0,0.034,0,0.014,0,11.44,-10.91
10/29/2007 23:10,648,2.024,236.8,1.707,174.6,2.876,-9.55,-0.014,0,0.047,0,0.024,0,11.44,-10.74
10/29/2007 23:20,649,3.445,149.9,2.39,172.9,3.758,-9.39,-0.023,0,0.038,0,0.01,0,11.44,-10.88
10/29/2007 23:30,650,3.17,138.2,3.19,149.9,3.631,-9.2,-0.024,0,0.037,0,0.009,0,11.44,-10.98
10/29/2007 23:40,651,3.445,135.6,3.232,143.6,3.748,-8.84,-0.018,0,0.035,0,0.016,0,11.44,-11
10/29/2007 23:50,652,3.974,123,3.507,131.4,4.253,-8.41,-0.023,0,0.038,0,0.013,0,11.44,-10.98
10/30/2007 0:00,653,3.685,135,3.717,127.8,4.013,-8.54,-0.015,0,0.039,0,0.013,0,11.44,-10.91
10/30/2007 0:10,654,3.763,122.3,3.656,123.8,3.989,-8.92,-0.029,0,0.041,0,0.011,0,11.43,-10.84
10/30/2007 0:20,655,4.008,132.6,3.655,129.9,4.224,-8.8,-0.014,0,0.038,0,0.014,0,11.43,-10.77
10/30/2007 0:30,656,3.847,129.6,3.687,132.9,4.101,-8.94,-0.022,0,0.037,0,0.016,0,11.43,-10.7
10/30/2007 0:40,657,4.028,113,3.851,119.5,4.263,-8.3,-0.019,0,0.038,0,0.011,0,11.43,-10.7
10/30/2007 0:50,658,3.748,127.9,3.816,121.4,4.464,-8.92,-0.022,0,0.037,0,0.013,0,11.43,-10.7
10/30/2007 1:00,659,4.111,121.3,3.977,126.1,4.866,-9.1,-0.013,0,0.039,0,0.013,0,11.43,-10.67
10/30/2007 1:10,660,4.513,133.3,4.252,123.8,4.714,-9.33,-0.012,0,0.038,0,0.015,0,11.42,-10.7
10/30/2007 1:20,661,3.18,137,4.212,127.6,4.836,-9.31,-0.013,0,0.037,0,0.015,0,11.42,-10.74
10/30/2007 1:30,662,3.293,191.6,1.891,192.8,3.293,-10.11,-0.009,0,0.044,0,0.018,0,11.42,-10.86
10/30/2007 1:40,663,2.896,158.8,2.649,168.2,3.822,-8.81,-0.018,0,0.037,0,0.009,0,11.42,-10.91
10/30/2007 1:50,664,3.626,136.4,2.355,167.3,3.626,-8.67,-0.014,0,0.038,0,0.012,0,11.42,-10.91
10/30/2007 2:00,665,5.018,126,4.073,128.2,5.018,-8.86,-0.016,0,0.041,0,0.015,0,11.42,-10.91
10/30/2007 2:10,666,4.239,131.6,4.668,125.4,5.498,-8.92,-0.009,0,0.038,0,0.019,0,11.41,-10.84
10/30/2007 2:20,667,4.248,126.8,4.331,126.8,4.66,-9.14,-0.01,0,0.037,0,0.016,0,11.41,-10.72
10/30/2007 2:30,668,4.219,135.9,4.375,129.1,4.827,-8.79,-0.008,0,0.035,0,0.015,0,11.4,-10.67
10/30/2007 2:40,669,3.896,127.7,4.343,125.9,4.9,-8.83,0.002,0,0.036,0,0.011,0,11.4,-10.58
10/30/2007 2:50,670,4.145,134.7,4.221,129.8,4.714,-9.82,0.003,0,0.038,0,0.018,0,11.4,-10.54
10/30/2007 3:00,671,4.41,129.6,4.121,133.9,4.758,-8.88,-0.001,0,0.039,0,0.017,0,11.4,-10.54
10/30/2007 3:10,672,3.043,123.5,3.949,119.6,4.88,-8.83,-0.006,0,0.036,0,0.012,0,11.39,-10.54
10/30/2007 3:20,673,4.199,141.1,4.294,130.9,5.091,-8.97,0.001,0,0.038,0,0.017,0,11.39,-10.56
10/30/2007 3:30,674,4.753,126.7,4.399,129.8,5.238,-8.45,0.001,0,0.035,0,0.012,0,11.39,-10.51
10/30/2007 3:40,675,4.366,134.2,4.507,131.6,4.993,-8.39,-0.001,0,0.036,0,0.016,0,11.38,-10.42
10/30/2007 3:50,676,4.307,128.6,4.466,135.8,5.16,-8.52,0,0,0.036,0,0.017,0,11.38,-10.3
10/30/2007 4:00,677,4.846,122.6,4.622,125.9,5.199,-8.46,-0.009,0,0.038,0,0.014,0,11.38,-10.21
10/30/2007 4:10,678,4.934,121.3,4.989,121.2,5.312,-8.41,0.001,0,0.04,0,0.013,0,11.37,-10.17
10/30/2007 4:20,679,5.39,122.5,4.985,120.1,5.635,-8.91,-0.005,0,0.041,0,0.013,0,11.37,-10.17
10/30/2007 4:30,680,4.817,132.5,4.934,125.5,5.63,-9.17,0.007,0,0.038,0,0.017,0,11.37,-10.21
10/30/2007 4:40,681,4.836,122.6,4.562,126.6,5.155,-8.92,0.002,0,0.037,0,0.009,0,11.36,-10.28
10/30/2007 4:50,682,5.067,130.4,4.854,132.4,5.655,-8.55,0.003,0,0.036,0,0.015,0,11.35,-10.28
10/30/2007 5:00,683,4.145,118.1,4.767,126.6,5.537,-8.61,0.007,0,0.039,0,0.015,0,11.35,-10.28
10/30/2007 5:10,684,4.64,142.1,4.935,125.3,6.159,-8.66,0.01,0,0.038,0,0.017,0,11.35,-10.3
10/30/2007 5:20,685,5.405,121.6,4.706,137.3,5.508,-8.54,0.007,0,0.04,0,0.014,0,11.34,-10.23
10/30/2007 5:30,686,5.258,131.2,4.833,127.2,5.258,-8.79,-0.003,0,0.038,0,0.015,0,11.34,-10.19
10/30/2007 5:40,687,5.032,124.1,5.197,126,5.762,-8.3,-0.001,0,0.04,0,0.013,0,11.33,-10.12
10/30/2007 5:50,688,4.582,110.4,4.899,118.9,5.669,-8.92,0,0,0.039,0,0.013,0,11.33,-10.1
10/30/2007 6:00,689,4.434,113.5,5.099,118.7,6.047,-8.77,-0.002,0,0.036,0,0.01,0,11.32,-10.14
10/30/2007 6:10,690,4.959,114.8,4.914,113.3,5.674,-9.33,0.004,0,0.038,0,0.012,0,11.31,-10.23
10/30/2007 6:20,691,5.532,123,4.95,112.9,5.532,-9.05,0.002,0,0.039,0,0.015,0,11.31,-10.37
10/30/2007 6:30,692,5.003,114.3,5.14,118.4,6.061,-8.69,-0.013,0,0.038,0,0.014,0,11.29,-10.44
10/30/2007 6:40,693,4.459,129.7,5.217,123.1,5.939,-8.59,-0.007,0,0.039,0,0.012,0,11.29,-10.42
10/30/2007 6:50,694,3.905,144.9,4.558,131.3,5.723,-9.11,-0.01,0,0.039,0,0.015,0,11.28,-10.4
10/30/2007 7:00,695,5.062,140.1,5.232,135.3,6.022,-8.03,-0.009,0,0.034,0,0.013,0,11.27,-10.3
10/30/2007 7:10,696,5.743,128.4,4.767,125,5.743,-8.83,0.006,0,0.038,0,0.013,0,11.27,-10.19
10/30/2007 7:20,697,4.64,124.7,5.034,131.4,6.115,-8.16,0,0,0.038,0,0.011,0,11.26,-10.17
10/30/2007 7:30,698,5.155,130.8,5.204,127.7,5.919,-8.3,-0.001,0,0.039,0,0.013,0,11.24,-10.07
10/30/2007 7:40,699,5.013,129.1,5.137,124,5.517,-8.32,-0.001,0,0.04,0,0.012,0,11.24,-10.01
10/30/2007 7:50,700,5.571,118.8,5.345,121.6,5.718,-8.27,-0.008,0,0.04,0,0.012,0,11.23,-9.98
10/30/2007 8:00,701,5.316,120.2,5.322,119.5,5.655,-8.65,-0.007,0,0.039,0,0.013,0,11.22,-9.96
10/30/2007 8:10,702,5.983,127.5,6.034,120.4,6.483,-8.32,-0.001,0,0.039,0,0.014,0,11.21,-9.98
10/30/2007 8:20,703,5.307,127.1,5.243,122.8,5.718,-9.36,0.001,0,0.04,0,0.014,0,11.21,-9.98
10/30/2007 8:30,704,5.4,111.8,5.22,118.9,5.699,-9.09,-0.009,0,0.039,0,0.016,0,11.2,-10.12
10/30/2007 8:40,705,5.057,113.1,5.153,112.9,5.503,-9.04,-0.004,0,0.038,0,0.012,0,11.19,-10.28
10/30/2007 8:50,706,5.121,118.3,5.148,112.7,5.542,-9.75,-0.001,0,0.04,0,0.015,0,11.19,-10.37
10/30/2007 9:00,707,5.042,117,5.106,122.2,5.464,-8.79,0.005,0,0.038,0,0.013,0,11.17,-10.51
10/30/2007 9:10,708,4.871,137.1,4.981,125.3,5.277,-8.88,0.003,0,0.038,0,0.013,0,11.17,-10.54
10/30/2007 9:20,709,4.136,133.1,4.598,134.7,5.076,-9.35,0.012,0,0.036,0,0.015,0,11.16,-10.51
10/30/2007 9:30,710,4.89,124.4,4.705,128.1,5.008,-9.17,0.009,0,0.039,0,0.013,0,11.15,-10.54
10/30/2007 9:40,711,5.282,120,5.075,118.2,5.547,-9.23,0.001,0,0.037,0,0.011,0,11.13,-10.56
10/30/2007 9:50,712,5.243,110.7,4.97,120.4,5.503,-10.37,0.004,0,0.038,0,0.012,0,11.12,-10.6
10/30/2007 10:00,713,6.213,108.7,5.532,112.5,6.213,-9.56,0,0,0.039,0,0.013,0,11.1,-10.79
10/30/2007 10:10,714,5.934,97.9,5.528,110.5,6.096,-10.86,-0.002,0,0.038,0,0.014,0,11.09,-10.88
10/30/2007 10:20,715,5.415,118.2,5.464,112.4,6.081,-9.72,0.001,0,0.04,0,0.013,0,11.08,-11
10/30/2007 10:30,716,5.493,108.3,5.658,108.8,6.718,-9.8,-0.006,0,0.035,0,0.012,0,11.05,-11
10/30/2007 10:40,717,6.385,97.4,5.825,104.3,6.649,-9.37,-0.007,0,0.037,0,0.014,0,11.04,-11
10/30/2007 10:50,718,6.458,94.9,5.96,97.8,6.458,-9.69,-0.009,0,0.038,0,0.013,0,11.02,-10.91
10/30/2007 11:00,719,6.007,96.7,5.98,93.2,6.385,-9.86,-0.001,0,0.038,0,0.012,0,11.01,-10.84
10/30/2007 11:10,720,5.287,109.3,5.902,106.7,6.782,-9.36,-0.003,0,0.038,0,0.014,0,10.97,-10.77
10/30/2007 11:20,721,5.537,115.4,5.392,113.7,5.905,-9.69,0.009,0,0.038,0,0.013,0,10.94,-10.67
10/30/2007 11:30,722,5.326,111.8,5.488,115.7,5.895,-9.29,-0.008,0,0.038,0,0.011,0,10.9,-10.56
10/30/2007 11:40,723,6.326,105.8,5.749,103.3,6.62,-8.97,-0.015,0,0.036,0,0.014,0,10.86,-10.42
10/30/2007 11:50,724,5.895,95.6,6.154,104.2,6.517,-8.63,0.001,0,0.036,0,0.012,0,10.81,-10.21
10/30/2007 12:00,725,5.753,114.2,5.722,102.4,6.061,-8.92,-0.008,0,0.036,0,0.011,0,10.77,-9.91
10/30/2007 12:10,726,5.826,103.3,5.705,101.1,5.924,-10.33,-0.017,0,0.036,0,0.014,0,10.76,-9.73
10/30/2007 12:20,727,6.223,105.9,5.877,103.7,6.316,-10.66,-0.009,0,0.037,0,0.014,0,10.8,-9.75
10/30/2007 12:30,728,5.954,100.7,5.999,103.6,6.248,-10.48,-0.014,0,0.038,0,0.014,0,10.9,-9.94
10/30/2007 12:40,729,5.321,101,5.483,102.4,5.865,-10.42,-0.013,0,0.039,0,0.012,0,10.73,-10.17
10/30/2007 12:50,730,4.635,108.2,5.204,106.7,5.797,-9.08,-0.008,0,0.037,0,0.011,0,10.64,-10.12
10/30/2007 13:00,731,5.767,101.1,5.286,99.3,5.919,-10.73,-0.015,0,0.038,0,0.013,0,10.57,-9.91
10/30/2007 13:10,732,5.464,102.2,5.421,100.4,5.958,-9.8,-0.01,0,0.035,0,0.011,0,10.54,-9.8
10/30/2007 13:20,733,3.675,122.1,4.849,108.5,5.63,-9.48,0.009,0,0.039,0,0.012,0,10.59,-9.62
10/30/2007 13:30,734,3.038,137.5,2.594,133.2,3.842,-9.36,0.006,0,0.038,0,0.013,0,10.51,-9.46
10/30/2007 13:40,735,4.106,119.8,3.868,119.1,4.307,-8.44,0.006,0,0.037,0,0.01,0,10.56,-9.12
10/30/2007 13:50,736,5.003,103.9,4.796,110.7,5.366,-8.65,-0.004,0,0.036,0,0.011,0,10.56,-8.78
10/30/2007 14:00,737,5.562,99.8,5.47,104.2,5.924,-9.04,-0.002,0,0.036,0,0.012,0,10.59,-8.58
10/30/2007 14:10,738,5.566,106.3,5.379,104,5.757,-8.69,0.006,0,0.036,0,0.01,0,10.59,-8.49
10/30/2007 14:20,739,5.625,99.2,5.71,103.4,5.958,-8.25,0.002,0,0.037,0,0.01,0,10.65,-8.42
10/30/2007 14:30,740,5.366,100,5.529,102.3,5.811,-8.67,0.003,0,0.037,0,0.014,0,10.66,-8.38
10/30/2007 14:40,741,5.052,107.5,5.527,106.2,5.748,-8.67,0.003,0,0.035,0,0.011,0,10.71,-8.4
10/30/2007 14:50,742,4.88,115.4,4.91,109.9,5.361,-9,-0.001,0,0.034,0,0.011,0,10.77,-8.49
10/30/2007 15:00,743,4.944,98.9,4.862,108.5,5.248,-9.69,0.004,0,0.038,0,0.012,0,10.76,-8.67
10/30/2007 15:10,744,4.934,104.6,5.071,105.2,5.483,-9.78,0.004,0,0.036,0,0.013,0,10.76,-8.82
10/30/2007 15:20,745,4.591,110.1,4.508,107.8,5.081,-9.38,-0.001,0,0.038,0,0.013,0,10.8,-9.03
10/30/2007 15:30,746,4.827,106.1,4.754,109.4,5.341,-9.15,0.005,0,0.037,0,0.011,0,10.82,-9.19
10/30/2007 15:40,747,4.866,111,4.958,103.9,5.611,-10.97,-0.005,0,0.037,0,0.013,0,10.87,-9.46
10/30/2007 15:50,748,5.174,108.5,5.149,110.8,5.473,-9.13,-0.004,0,0.037,0,0.013,0,10.89,-9.82
10/30/2007 16:00,749,5.155,100.5,5.199,102.4,5.571,-9.86,-0.008,0,0.035,0,0.012,0,10.91,-10.05
10/30/2007 16:10,750,5.684,100.7,5.514,100.1,5.958,-9.61,0,0,0.04,0,0.013,0,10.9,-10.28
10/30/2007 16:20,751,5.517,101,5.289,98.2,5.591,-10.19,0.001,0,0.038,0,0.013,0,10.89,-10.47
10/30/2007 16:30,752,5.248,108.8,5.425,104.5,5.645,-9.8,-0.005,0,0.036,0,0.014,0,10.88,-10.65
10/30/2007 16:40,753,5.008,116,5.033,113,5.439,-9.82,-0.001,0,0.038,0,0.014,0,10.86,-10.84
10/30/2007 16:50,754,5.003,116.1,4.956,115.1,5.174,-9.65,-0.002,0,0.04,0,0.015,0,10.84,-10.95
10/30/2007 17:00,755,5.204,116.3,5.269,119,5.674,-9.92,0.003,0,0.038,0,0.015,0,10.83,-10.98
10/30/2007 17:10,756,4.797,121.9,5.219,121.3,5.846,-9.22,0.003,0,0.038,0,0.016,0,10.8,-10.95
10/30/2007 17:20,757,5.532,120.4,5.381,116.8,5.699,-8.47,-0.009,0,0.04,0,0.015,0,10.78,-10.84
10/30/2007 17:30,758,5.13,106.9,5.409,116.7,5.905,-8.11,-0.007,0,0.04,0,0.015,0,10.76,-10.54
10/30/2007 17:40,759,1.705,202.2,3.599,132.1,5.542,-8.5,0.006,0,0.036,0,0.01,0,10.75,-10.17
10/30/2007 17:50,760,0.397,180.1,1.159,175.2,1.94,-8.56,-0.011,0,0.041,0,0.016,0,10.74,-9.96
10/30/2007 18:00,761,0.936,153,0.722,171.2,1.225,-8.32,-0.012,0,0.034,0,0.009,0,10.74,-9.91
10/30/2007 18:10,762,0.078,30.92,0.62,20.73,1.201,-9,-0.007,0,0.041,0,0.022,0,10.73,-9.96
10/30/2007 18:20,763,0.642,28.9,0.494,45.72,1.161,-8.81,-0.006,0,0.041,0,0.015,0,10.72,-10.1
10/30/2007 18:30,764,0.96,49.93,0.758,60.55,1.161,-8.34,-0.014,0,0.032,0,0.004,0,10.7,-10.19
10/30/2007 18:40,765,0.955,150.9,0.331,105.5,0.96,-8.25,0.007,0,0.033,0,0.013,0,10.69,-10.21
10/30/2007 18:50,766,1.235,172.8,0.789,166.1,1.406,-7.968,0.003,0,0.034,0,0.005,0,10.67,-10.14
10/30/2007 19:00,767,0,279.2,0.814,164.2,1.583,-8.3,0.004,0,0.035,0,0.01,0,10.66,-10.01
10/30/2007 19:10,768,0.304,196.4,0.027,254.3,0.304,-8.94,-0.007,0,0.043,0,0.017,0,10.66,-9.91
10/30/2007 19:20,769,0.221,220.2,0.326,203.3,1.053,-9.5,0.002,0,0.041,0,0.014,0,10.66,-9.98
10/30/2007 19:30,770,1.803,154.2,1.092,173.9,1.823,-9.64,0.005,0,0.04,0,0.014,0,10.66,-10.12
10/30/2007 19:40,771,2.132,198.9,1.804,161,2.475,-8.75,0.009,0,0.042,0,0.016,0,10.63,-10.17
10/30/2007 19:50,772,1.024,256.4,1.42,191.3,1.838,-9.91,-0.007,0,0.034,0,0.009,0,10.62,-10.05
10/30/2007 20:00,773,0.519,131.7,0.735,191.8,1.695,-10.86,0.009,0,0.04,0,0.015,0,10.62,-10.01
10/30/2007 20:10,774,0.911,138.5,1.042,147.6,1.646,-10.26,0.009,0,0.041,0,0.018,0,10.62,-10.1
10/30/2007 20:20,775,0.069,198.2,0.154,145.4,0.711,-10.07,0.005,0,0.039,0,0.017,0,10.61,-10.19
10/30/2007 20:30,776,0,236.5,0.056,225.5,0.397,-9.65,0.005,0,0.037,0,0.013,0,10.59,-10.3
10/30/2007 20:40,777,0.025,220.7,0.404,211.1,0.862,-10.23,0.007,0,0.039,0,0.014,0,10.58,-10.37
10/30/2007 20:50,778,0,278.3,0.651,256.7,2.117,-11.32,0.006,0,0.04,0,0.015,0,10.58,-10.47
10/30/2007 21:00,779,0.681,120,0.561,123.7,1.49,-10.09,0.004,0,0.048,0,0.025,0,10.57,-10.6
10/30/2007 21:10,780,0.887,331.1,0.822,205.4,1.823,-9.88,0.002,0,0.04,0,0.014,0,10.55,-10.63
10/30/2007 21:20,781,0.318,8.83,0.54,312.3,1.137,-10.24,-0.006,0,0.041,0,0.013,0,10.54,-10.58
10/30/2007 21:30,782,1.142,75.19,0.399,319.9,1.152,-10.26,0.003,0,0.045,0,0.016,0,10.53,-10.58
10/30/2007 21:40,783,0.96,217.5,0.793,131,1.421,-8.62,-0.006,0,0.034,0,0.011,0,10.51,-10.54
10/30/2007 21:50,784,0.235,263.2,0.585,282.1,1.318,-11.34,0.001,0,0.04,0,0.014,0,10.51,-10.42
10/30/2007 22:00,785,0.897,213.9,1.331,153.2,3.317,-9.55,-0.012,0,0.033,0,0.007,0,10.49,-10.42
10/30/2007 22:10,786,0.877,162.9,0.529,258.4,1.166,-11.3,-0.002,0,0.041,0,0.015,0,10.5,-10.37
10/30/2007 22:20,787,0.627,256.2,0.695,171.5,1.446,-11.56,0.008,0,0.04,0,0.015,0,10.49,-10.47
10/30/2007 22:30,788,0.72,164,1.012,223.5,1.47,-11.69,0.004,0,0.037,0,0.012,0,10.49,-10.7
10/30/2007 22:40,789,0.907,225.5,0.579,195.2,1.632,-11.73,-0.001,0,0.038,0,0.013,0,10.49,-11.04
10/30/2007 22:50,790,0.559,164,0.983,203.8,1.597,-12.48,-0.011,0,0.04,0,0.016,0,10.48,-11.39
10/30/2007 23:00,791,1.088,125.6,0.872,158.6,1.553,-12.11,-0.013,0,0.042,0,0.015,0,10.48,-11.79
10/30/2007 23:10,792,0.711,133.2,0.427,103.7,1.259,-11.58,0.008,0,0.044,0,0.018,0,10.46,-12.08
10/30/2007 23:20,793,0.578,127.8,1.234,113.3,1.833,-11.78,-0.001,0,0.038,0,0.01,0,10.45,-12.24
10/30/2007 23:30,794,1.382,204.8,1.223,177.5,1.867,-11.25,-0.007,0,0.041,0,0.011,0,10.44,-12.36
10/30/2007 23:40,795,0.225,164.8,1.203,172.1,1.754,-11.51,-0.02,0,0.031,0,0.003,0,10.43,-12.41
10/30/2007 23:50,796,0.397,99,0.473,129.6,1.249,-11.38,-0.015,0,0.039,0,0.012,0,10.42,-12.5
10/31/2007 0:00,797,0.73,169.8,0.522,125.4,1.401,-11.79,-0.025,0,0.034,0,0.016,0,10.41,-12.62
10/31/2007 0:10,798,1.294,140.5,1.068,157.5,1.798,-12.06,-0.009,0,0.036,0,0.013,0,10.4,-12.74
10/31/2007 0:20,799,0.162,124.5,0.858,172.8,1.485,-11.14,-0.013,0,0.04,0,0.016,0,10.39,-12.77
10/31/2007 0:30,800,0.745,103.4,0.566,164.2,1.122,-10.17,0.005,0,0.041,0,0.015,0,10.36,-12.62
10/31/2007 0:40,801,1.147,294.7,0.622,334.3,1.147,-10.26,0.007,0,0.041,0,0.015,0,10.34,-12.36
10/31/2007 0:50,802,1.132,107.7,0.845,34.33,1.421,-10.2,-0.004,0,0.04,0,0.016,0,10.32,-12.03
10/31/2007 1:00,803,1.715,264.6,1.347,234.5,2.524,-11.1,0.002,0,0.038,0,0.012,0,10.32,-11.72
10/31/2007 1:10,804,0.804,71.36,0.869,103.2,1.612,-11.06,0.008,0,0.043,0,0.017,0,10.32,-11.51
10/31/2007 1:20,805,1.166,311.3,1.094,37.78,1.617,-10.35,-0.003,0,0.042,0,0.019,0,10.3,-11.39
10/31/2007 1:30,806,0.294,290.2,0.815,312.1,1.617,-10.73,0.006,0,0.041,0,0.015,0,10.29,-11.23
10/31/2007 1:40,807,0.789,3.649,0.393,323.5,0.789,-11.04,0.007,0,0.043,0,0.016,0,10.28,-11.14
10/31/2007 1:50,808,0,135.3,0.81,349.8,1.475,-11.33,0.002,0,0.042,0,0.015,0,10.28,-11.09
10/31/2007 2:00,809,0.936,272.9,0.716,313.6,1.284,-11.71,-0.002,0,0.04,0,0.014,0,10.26,-11.11
10/31/2007 2:10,810,0,235.7,0.367,272.9,0.951,-12,0.001,0,0.043,0,0.016,0,10.26,-11.18
10/31/2007 2:20,811,0,293.6,0.477,287.8,0.774,-11.76,-0.001,0,0.042,0,0.016,0,10.25,-11.28
10/31/2007 2:30,812,0,76.13,0.387,60.02,0.926,-11.73,-0.004,0,0.042,0,0.015,0,10.24,-11.35
10/31/2007 2:40,813,0.779,102.5,0.057,92.1,0.779,-11.64,-0.002,0,0.043,0,0.016,0,10.23,-11.42
10/31/2007 2:50,814,0.857,103.7,0.597,113.9,0.892,-11.28,-0.002,0,0.042,0,0.016,0,10.21,-11.42
10/31/2007 3:00,815,0.666,115.6,0.767,108.2,1.014,-11.15,-0.004,0,0.043,0,0.016,0,10.19,-11.37
10/31/2007 3:10,816,0,141.4,0.587,132,0.916,-10.83,-0.001,0,0.043,0,0.017,0,10.18,-11.3
10/31/2007 3:20,817,0.196,50.7,0.292,351.4,1.225,-10.99,-0.005,0,0.042,0,0.016,0,10.17,-11.21
10/31/2007 3:30,818,0,343.4,0.244,331.1,0.813,-11.32,-0.005,0,0.042,0,0.015,0,10.15,-11.11
10/31/2007 3:40,819,1.034,14.16,0.305,342.2,1.034,-11.41,-0.004,0,0.043,0,0.017,0,10.15,-11.07
10/31/2007 3:50,820,1.156,42.88,1.143,28.56,1.534,-11.33,-0.004,0,0.042,0,0.016,0,10.14,-11.04
10/31/2007 4:00,821,1.47,20.98,1.055,28.62,1.656,-10.84,-0.005,0,0.043,0,0.017,0,10.13,-11
10/31/2007 4:10,822,0.99,17.04,1.078,15.76,1.47,-10.56,-0.004,0,0.042,0,0.016,0,10.12,-10.95
10/31/2007 4:20,823,1.597,5.906,1.419,17.86,1.754,-10.43,-0.005,0,0.043,0,0.015,0,10.1,-10.84
10/31/2007 4:30,824,1.455,16.42,1.321,13.38,1.578,-10.67,-0.005,0,0.043,0,0.016,0,10.09,-10.67
10/31/2007 4:40,825,1.078,3.697,1.395,10.68,1.754,-10.73,-0.004,0,0.042,0,0.016,0,10.08,-10.58
10/31/2007 4:50,826,1.127,343,1.171,349.7,1.494,-11.42,-0.003,0,0.043,0,0.017,0,10.08,-10.54
10/31/2007 5:00,827,1.544,14.16,1.294,7.558,1.754,-11.25,-0.005,0,0.043,0,0.016,0,10.08,-10.56
10/31/2007 5:10,828,0.735,0.96,1.372,6.149,1.632,-11.4,-0.002,0,0.043,0,0.017,0,10.07,-10.6
10/31/2007 5:20,829,0.343,338.2,0.687,356,1.161,-11.55,-0.004,0,0.042,0,0.015,0,10.06,-10.67
10/31/2007 5:30,830,0,333.7,0.457,336,0.725,-11.63,-0.006,0,0.041,0,0.015,0,10.05,-10.72
10/31/2007 5:40,831,0.323,220.4,0.158,238.5,0.725,-11.91,-0.004,0,0.042,0,0.015,0,10.04,-10.79
10/31/2007 5:50,832,0,49.26,0.066,198.4,0.358,-11.73,-0.001,0,0.043,0,0.015,0,10.04,-10.88
10/31/2007 6:00,833,0.588,266.9,0.247,269.1,0.784,-12.03,-0.002,0,0.041,0,0.014,0,10.03,-10.91
10/31/2007 6:10,834,0.255,210.6,0.319,241.5,0.554,-12.22,-0.004,0,0.043,0,0.016,0,10.02,-10.95
10/31/2007 6:20,835,0.348,158.6,0.457,185.1,0.74,-11.96,-0.003,0,0.044,0,0.017,0,10.01,-11.02
10/31/2007 6:30,836,0.554,118.6,0.364,138.7,0.554,-11.65,-0.003,0,0.044,0,0.017,0,10,-11.09
10/31/2007 6:40,837,0.402,124.9,0.282,125.9,0.769,-11.19,-0.004,0,0.043,0,0.017,0,9.99,-11.09
10/31/2007 6:50,838,0,124.6,0.089,124.8,0.417,-10.8,-0.004,0,0.043,0,0.016,0,9.98,-11.07
10/31/2007 7:00,839,0.529,52.91,0.155,55.82,0.529,-10.61,0.001,0,0.041,0,0.015,0,9.97,-11.02
10/31/2007 7:10,840,0.818,46.77,0.613,49.37,0.818,-10.67,0.003,0,0.039,0,0.013,0,9.97,-11.07
10/31/2007 7:20,841,0.813,49.45,0.936,51.41,1.107,-10.77,-0.008,0,0.035,0,0.009,0,9.97,-11.23
10/31/2007 7:30,842,0.5,58.58,0.625,54.82,0.907,-11.07,-0.001,0,0.032,0,0.005,0,9.97,-11.51
10/31/2007 7:40,843,0.568,33.23,0.4,54.01,0.652,-11.44,-0.014,0,0.034,0,0.009,0,9.97,-11.89
10/31/2007 7:50,844,0.181,32.99,0.496,31.2,0.711,-12.01,-0.019,0,0.036,0,0.008,0,9.96,-12.31
10/31/2007 8:00,845,0.838,52.54,0.609,45.59,1.029,-11.96,-0.028,0,0.029,0,0.001,0,9.96,-12.74
10/31/2007 8:10,846,0.397,57.92,0.542,54.52,0.897,-11.48,-0.024,0,0.035,0,0.004,0,9.95,-13.08
10/31/2007 8:20,847,0.505,75.31,0.458,67.34,0.617,-11.22,-0.024,0,0.033,0,0.002,0,9.93,-13.25
10/31/2007 8:30,848,0.711,74.54,0.539,74.98,0.745,-11.27,-0.031,0,0.03,0,0.003,0,9.92,-13.3
10/31/2007 8:40,849,1.024,60.42,0.637,69.72,1.024,-11.93,-0.035,0,0.03,0,0.003,0,9.92,-13.34
10/31/2007 8:50,850,1.397,79.83,1.142,65.08,1.397,-11.82,-0.04,0,0.029,0,0.002,0,9.9,-13.49
10/31/2007 9:00,851,0.779,65.9,1.216,75.29,1.622,-12.23,-0.03,0,0.031,0,0.002,0,9.91,-13.71
10/31/2007 9:10,852,1.152,48.61,1.079,62.98,1.446,-12.13,-0.04,0,0.03,0,0,0,9.89,-13.9
10/31/2007 9:20,853,1.156,55.34,1.347,51.85,1.607,-13.56,-0.031,0,0.035,0,0.008,0,9.89,-14.1
10/31/2007 9:30,854,0.936,49.14,0.912,42.04,1.107,-13.69,-0.025,0,0.035,0,0.007,0,9.88,-14.35
10/31/2007 9:40,855,1.215,55.15,1.098,41.07,1.352,-13.68,-0.033,0,0.036,0,0.009,0,9.87,-14.59
10/31/2007 9:50,856,1.024,51.98,1.221,51.34,1.475,-13.71,-0.028,0,0.036,0,0.006,0,9.85,-14.79
10/31/2007 10:00,857,0.564,28.25,0.935,39.84,1.186,-13.51,-0.031,0,0.037,0,0.01,0,9.83,-14.94
10/31/2007 10:10,858,0.147,60.43,0.474,54.65,0.725,-12.84,-0.033,0,0.036,0,0.009,0,9.81,-14.97
10/31/2007 10:20,859,0.279,116.4,0.234,104.7,0.637,-13.12,-0.031,0,0.04,0,0.011,0,9.78,-14.79
10/31/2007 10:30,860,0.617,160.8,0.543,137.2,0.833,-12.29,-0.029,0,0.034,0,0.009,0,9.76,-14.57
10/31/2007 10:40,861,0.941,134.8,0.893,133.2,1.284,-12.41,-0.009,0,0.04,0,0.013,0,9.73,-14.22
10/31/2007 10:50,862,1.22,124.8,1.007,132.5,1.22,-12.02,0.009,0,0.041,0,0.014,0,9.7,-13.81
10/31/2007 11:00,863,0,141.9,0.399,135.4,1.156,-10.8,0,0,0.041,0,0.013,0,9.66,-13.3
10/31/2007 11:10,864,0,77.43,0.066,94.3,0.387,-10.77,-0.002,0,0.04,0,0.013,0,9.62,-12.65
10/31/2007 11:20,865,0.358,333.8,0.065,72.2,0.358,-10.55,-0.007,0,0.04,0,0.012,0,9.6,-12.03
10/31/2007 11:30,866,0.083,5.811,0.25,349.7,0.539,-10.4,-0.01,0,0.039,0,0.012,0,9.58,-11.44
10/31/2007 11:40,867,0.867,21.85,0.76,21.12,1.103,-10.45,-0.009,0,0.041,0,0.015,0,9.57,-10.91
10/31/2007 11:50,868,0.833,16.04,1.152,17.58,1.431,-10.61,-0.009,0,0.041,0,0.014,0,9.54,-10.51
10/31/2007 12:00,869,0.294,27.75,0.663,28.4,1.039,-9.91,-0.013,0,0.039,0,0.013,0,9.45,-10.12
10/31/2007 12:10,870,0.975,0.672,0.779,9.7,1.039,-10.01,-0.013,0,0.039,0,0.013,0,9.38,-9.66
10/31/2007 12:20,871,0.701,334.1,0.79,343.4,1.127,-10.85,-0.016,0,0.038,0,0.011,0,9.39,-9.32
10/31/2007 12:30,872,0.461,288,0.793,330.1,1.279,-11.51,-0.002,0,0.038,0,0.01,0,9.39,-9.14
10/31/2007 12:40,873,0.191,264.2,0.221,266.5,0.769,-10.95,-0.019,0,0.033,0,0.007,0,9.35,-9.19
10/31/2007 12:50,874,0.514,223.1,0.111,227.2,0.676,-10.71,-0.023,0,0.035,0,0.008,0,9.28,-9.23
10/31/2007 13:00,875,0.26,186.6,0.28,206.3,0.534,-10.4,-0.021,0,0.035,0,0.006,0,9.29,-9.25
10/31/2007 13:10,876,0.583,142.4,0.07,171.4,0.583,-10.55,-0.018,0,0.035,0,0.007,0,9.28,-9.32
10/31/2007 13:20,877,0,142.6,0.159,142.4,0.573,-10.96,-0.016,0,0.036,0,0.01,0,9.29,-9.39
10/31/2007 13:30,878,0,142.6,0.064,142.8,0.412,-10.69,-0.008,0,0.035,0,0.008,0,9.26,-9.46
10/31/2007 13:40,879,0.318,234.5,0.067,158.9,0.333,-11.11,-0.018,0,0.035,0,0.009,0,9.27,-9.5
10/31/2007 13:50,880,0,220,0.074,222.4,0.407,-11.1,-0.012,0,0.035,0,0.008,0,9.27,-9.6
10/31/2007 14:00,881,0.598,112.5,0.051,112.3,0.617,-11.6,-0.009,0,0.037,0,0.01,0,9.27,-9.69
10/31/2007 14:10,882,0.514,52.24,0.689,67.4,1.254,-12.27,-0.006,0,0.039,0,0.013,0,9.34,-9.87
10/31/2007 14:20,883,0,29.05,0.194,33.14,0.529,-11.97,-0.011,0,0.04,0,0.014,0,9.37,-10.14
10/31/2007 14:30,884,0,28.95,0,0,0,-11.72,0,0,0.037,0,0.009,0,9.4,-10.44
10/31/2007 14:40,885,0.27,129.8,0.198,128.6,0.843,-12.79,-0.001,0,0.04,0,0.013,0,9.42,-10.84
10/31/2007 14:50,886,1.935,94.3,0.944,105.6,1.935,-12.25,-0.005,0,0.034,0,0.009,0,9.45,-11.28
10/31/2007 15:00,887,0.23,109.2,0.784,93.2,2.156,-12.1,-0.013,0,0.035,0,0.01,0,9.46,-11.72
10/31/2007 15:10,888,0,120.1,0.143,116.1,0.745,-13.44,0.001,0,0.042,0,0.017,0,9.46,-12.12
10/31/2007 15:20,889,0.588,197.4,0.284,212.1,1.392,-12.83,-0.003,0,0.037,0,0.012,0,9.45,-12.46
10/31/2007 15:30,890,0.73,158.6,0.732,183.6,1.103,-13.05,0.004,0,0.038,0,0.014,0,9.46,-12.74
10/31/2007 15:40,891,0.931,90.4,0.649,146.1,1.22,-12.76,-0.011,0,0.039,0,0.011,0,9.46,-12.93
10/31/2007 15:50,892,1.764,72.24,0.966,78.95,1.867,-11.94,-0.007,0,0.038,0,0.013,0,9.46,-13.13
10/31/2007 16:00,893,1.196,68.87,0.959,70.95,1.514,-11.79,-0.004,0,0.043,0,0.015,0,9.46,-13.18
10/31/2007 16:10,894,0.451,26.22,1.077,53.6,1.637,-11.26,0.001,0,0.04,0,0.013,0,9.44,-13.1
10/31/2007 16:20,895,1.058,42.17,0.776,45.94,1.058,-10.96,-0.004,0,0.039,0,0.013,0,9.43,-12.93
10/31/2007 16:30,896,1.23,65.32,0.723,71.92,1.23,-11.17,-0.001,0,0.042,0,0.016,0,9.41,-12.74
10/31/2007 16:40,897,1.676,64.02,1.191,69.12,2.009,-10.26,-0.004,0,0.043,0,0.017,0,9.4,-12.53
10/31/2007 16:50,898,0.554,250.2,0.761,349.2,1.705,-10.98,-0.004,0,0.039,0,0.013,0,9.39,-12.22
10/31/2007 17:00,899,0.338,274.8,0.726,271.5,1.122,-11.46,0.002,0,0.038,0,0.012,0,9.39,-12.03
10/31/2007 17:10,900,0.735,65.43,0.333,89.4,1.249,-11.71,-0.004,0,0.038,0,0.013,0,9.38,-12.05
10/31/2007 17:20,901,0.843,105.1,0.118,72.44,0.843,-11.7,0.001,0,0.036,0,0.008,0,9.38,-12.2
10/31/2007 17:30,902,0.911,133.4,0.648,124.3,1.269,-12.19,-0.016,0,0.04,0,0.013,0,9.37,-12.39
10/31/2007 17:40,903,1.382,158.5,1.376,143.4,1.725,-12.6,-0.002,0,0.04,0,0.014,0,9.36,-12.62
10/31/2007 17:50,904,0.426,190.1,1.292,166.5,1.882,-11.97,-0.005,0,0.041,0,0.014,0,9.35,-12.79
10/31/2007 18:00,905,1.568,317.5,1.651,115.7,2.749,-11.33,-0.004,0,0.049,0,0.022,0,9.33,-12.74
10/31/2007 18:10,906,0.857,195.9,1.084,259.9,1.534,-10.9,-0.005,0,0.038,0,0.011,0,9.3,-12.55
10/31/2007 18:20,907,1.284,158.4,1.062,172.2,1.583,-11.67,-0.008,0,0.038,0,0.009,0,9.3,-12.46
10/31/2007 18:30,908,1.803,144.9,1.55,154.7,1.882,-11.48,-0.005,0,0.036,0,0.015,0,9.29,-12.43
10/31/2007 18:40,909,1.465,166.5,1.373,164.9,1.833,-11.02,-0.005,0,0.037,0,0.01,0,9.28,-12.39
10/31/2007 18:50,910,1.857,138.3,1.444,164.4,1.857,-10.23,o,0,0.038,0,0.015,0,9.25,-12.27
10/31/2007 19:00,911,1.749,148,1.492,145.9,1.828,-9.79,0,0,0.043,0,0.017,0,9.23,-12.05
10/31/2007 19:10,912,0.348,121.1,1.055,130.5,1.857,-8.22,-0.006,0,0.044,0,0.019,0,9.2,-11.7
10/31/2007 19:20,913,1.068,112.6,0.589,146,1.088,-8.07,-0.005,0,0.041,0,0.013,0,9.19,-11.3
10/31/2007 19:30,914,0.088,53.1,0.378,89.7,1.024,-7.915,-0.01,0,0.027,0,-0.001,0,9.19,-10.98
10/31/2007 19:40,915,0.51,70.68,0.57,28.84,1.205,-9.78,-0.003,0,0.038,0,0.011,0,9.19,-10.84
10/31/2007 19:50,916,1.955,43.79,1.344,34.8,2.185,-9.85,-0.007,0,0.034,0,0.008,0,9.17,-10.86
10/31/2007 20:00,917,1.303,68.56,1.367,65.24,1.695,-8.82,-0.015,0,0.033,0,0.015,0,9.16,-10.98
10/31/2007 20:10,918,0.73,55.22,0.75,44.48,1.117,-8.58,-0.011,0,0.035,0,0.007,0,9.15,-11.09
10/31/2007 20:20,919,1.798,91.2,1.673,96,2.47,-9.32,-0.007,0,0.037,0,0.01,0,9.14,-11.16
10/31/2007 20:30,920,0.701,155.2,1.473,111.7,2.705,-9.11,-0.003,0,0.045,0,0.018,0,9.12,-11.28
10/31/2007 20:40,921,1.083,140.4,1.333,132.3,1.823,-9.94,-0.006,0,0.04,0,0.019,0,9.11,-11.3
10/31/2007 20:50,922,1.749,138.1,1.523,138.5,1.945,-9.45,-0.01,0,0.036,0,0.013,0,9.09,-11.35
10/31/2007 21:00,923,1.793,130.9,1.764,132.8,2.195,-8.56,-0.013,0,0.04,0,0.013,0,9.07,-11.37
10/31/2007 21:10,924,2.195,161.3,1.516,145.9,2.195,-9.85,-0.014,0,0.032,0,0.003,0,9.05,-11.32
10/31/2007 21:20,925,0.975,155.9,1.459,159.1,2.21,-8.58,0.001,0,0.037,0,0.01,0,9.04,-11.35
10/31/2007 21:30,926,2.22,141.2,1.903,158.2,2.533,-8.68,-0.006,0,0.035,0,0.017,0,9.03,-11.37
10/31/2007 21:40,927,1.955,130.8,2.173,158.1,2.69,-9.12,-0.012,0,0.035,0,0.011,0,9.01,-11.3
10/31/2007 21:50,928,2.901,144.3,2.221,143.5,2.901,-8.87,0.005,0,0.04,0,0.016,0,9,-11.25
10/31/2007 22:00,929,2.7,178.9,2.41,154.6,2.881,-7.651,-0.005,0,0.041,0,0.016,0,8.98,-11.11
10/31/2007 22:10,930,2.298,161.4,2.312,153.5,2.989,-7.447,-0.005,0,0.039,0,0.013,0,8.95,-10.79
10/31/2007 22:20,931,2.813,161.9,2.661,163.2,3.41,-6.437,-0.008,0,0.04,0,0.011,0,8.93,-10.33
10/31/2007 22:30,932,3.058,138.3,2.732,146.6,3.709,-6.416,-0.011,0,0.042,0,0.016,0,8.92,-9.87
10/31/2007 22:40,933,2.739,127.7,2.594,135.6,3.028,-6.658,-0.011,0,0.04,0,0.012,0,8.91,-9.5
10/31/2007 22:50,934,2.548,123.5,2.801,126.6,3.244,-6.899,-0.011,0,0.039,0,0.016,0,8.89,-9.23
10/31/2007 23:00,935,2.465,130.1,2.456,128.3,2.911,-7.081,-0.016,0,0.036,0,0.016,0,8.88,-9.03
10/31/2007 23:10,936,2.803,130.8,2.566,130.4,3.048,-6.859,-0.014,0,0.038,0,0.015,0,8.87,-8.87
10/31/2007 23:20,937,2.524,135.9,2.561,129.7,2.759,-6.737,-0.013,0,0.039,0,0.016,0,8.85,-8.71
10/31/2007 23:30,938,1.7,132,1.968,136.6,2.573,-5.975,-0.014,0,0.038,0,0.016,0,8.84,-8.46
10/31/2007 23:40,939,0.882,153.5,1.245,131.9,2.068,-4.728,-0.024,0,0.031,0,0.008,0,8.82,-8.17
10/31/2007 23:50,940,1,31.46,1.473,103.5,2.254,-6.196,-0.022,0,0.032,0,0.008,0,8.82,-7.928
11/1/2007 0:10,941,1.289,8.26,1.169,2.769,1.387,-6.941,-0.02,0,0.031,0,0.006,0,8.81,-7.795
11/1/2007 0:20,942,1.514,55.15,1.564,34.12,1.906,-7.204,-0.009,0,0.036,0,0.01,0,8.81,-7.928
